/*******************************************************************************
 * Size: 25 px
 * Bpp: 2
 * Opts: --font D:\tools_1\lvgl_7259\robot\assets\fonts\ali\ali.ttf -r 0x20-0x7F --symbols 0123456789Baekn人器机 --size 25 -o D:\tools_1\lvgl_7259\robot\beken_generated\fonts\lv_font_ali_25.c --format lvgl --bpp 2 --no-compress --lv-include lvgl.h --font D:\tools_1\lvgl_ui_designer_1.1.8\resources\assets\fonts\FontAwesome5.woff -r 61441, 61448, 61451, 61452, 61453, 61457, 61459, 61461, 61465, 61468,                                61473, 61478, 61479, 61480, 61502, 61507, 61512, 61515, 61516, 61517,                                61521, 61522, 61523, 61524, 61543, 61544, 61550, 61552, 61553, 61556,                                61559, 61560, 61561, 61563, 61587, 61589, 61636, 61637, 61639, 61641,                                61664, 61671, 61674, 61683, 61724, 61732, 61787, 61931, 62016, 62017,                                62018, 62019, 62020, 62087, 62099, 62189, 62212, 62810, 63426, 63650
 ******************************************************************************/

#ifdef LV_LVGL_H_INCLUDE_SIMPLE
#include "lvgl.h"
#else
#include "lvgl.h"
#endif

#ifndef LV_FONT_ALI_25
#define LV_FONT_ALI_25 1
#endif

#if LV_FONT_ALI_25

/*-----------------
 *    BITMAPS
 *----------------*/

/*Store the image of the glyphs*/
static LV_ATTRIBUTE_LARGE_CONST const uint8_t glyph_bitmap[] = {
    /* U+0020 " " */

    /* U+0021 "!" */
    0xff, 0xdb, 0xfd, 0xbf, 0xcb, 0xfc, 0xbf, 0xcb,
    0xfc, 0x7f, 0xc7, 0xfc, 0x7f, 0xc7, 0xfc, 0x15,
    0x40, 0x0, 0x0, 0x7, 0xf8, 0xbf, 0xcb, 0xfd,
    0xbf, 0xc7, 0xf8,

    /* U+0022 "\"" */
    0x7f, 0x8f, 0xf1, 0xfe, 0x3f, 0xc7, 0xf8, 0xff,
    0xf, 0xd3, 0xfc, 0x3f, 0x4f, 0xe0, 0xfd, 0x2f,
    0x83, 0xf0, 0xbe, 0x6, 0x81, 0xa0,

    /* U+0023 "#" */
    0x2, 0xfc, 0xf, 0xf0, 0xf, 0xf0, 0x3f, 0x80,
    0x3f, 0xc0, 0xfe, 0x0, 0xfe, 0x7, 0xf4, 0xbf,
    0xff, 0xff, 0xfa, 0xff, 0xff, 0xff, 0xeb, 0xff,
    0xff, 0xff, 0x86, 0xfd, 0x5f, 0xf4, 0xb, 0xf0,
    0x3f, 0xc0, 0x3f, 0xc0, 0xfe, 0x1, 0xff, 0x57,
    0xf9, 0x2f, 0xff, 0xff, 0xfe, 0xbf, 0xff, 0xff,
    0xfa, 0xff, 0xff, 0xff, 0xe1, 0xfd, 0xb, 0xf0,
    0xb, 0xf0, 0x3f, 0xc0, 0x2f, 0xc0, 0xff, 0x0,
    0xff, 0x3, 0xf8, 0x0,

    /* U+0024 "$" */
    0x0, 0x2e, 0x0, 0x0, 0x2, 0xe0, 0x0, 0x7,
    0xff, 0xf9, 0x3, 0xff, 0xff, 0xe0, 0x7f, 0xff,
    0xfe, 0xf, 0xff, 0xff, 0xe0, 0xff, 0x6e, 0x1,
    0xf, 0xf6, 0xe0, 0x0, 0xff, 0xee, 0x0, 0xb,
    0xff, 0xf9, 0x0, 0x7f, 0xff, 0xfd, 0x1, 0xff,
    0xff, 0xf4, 0x1, 0xbf, 0xff, 0xc0, 0x2, 0xff,
    0xfc, 0x0, 0x2e, 0x7f, 0xc5, 0x2, 0xeb, 0xfc,
    0xff, 0xff, 0xff, 0xcf, 0xff, 0xff, 0xf4, 0xff,
    0xff, 0xff, 0xb, 0xff, 0xff, 0x40, 0x0, 0x2e,
    0x0, 0x0, 0x2, 0xe0, 0x0, 0x0, 0x2e, 0x0,
    0x0, 0x1, 0x90, 0x0,

    /* U+0025 "%" */
    0xb, 0xf4, 0x0, 0x7e, 0x0, 0xff, 0xf4, 0x3,
    0xf0, 0x7, 0xe7, 0xf0, 0x1f, 0x40, 0x2f, 0x4f,
    0xc0, 0xfc, 0x0, 0xbc, 0x3f, 0xb, 0xd0, 0x2,
    0xf0, 0xfc, 0x3f, 0x0, 0x7, 0xd3, 0xf2, 0xf4,
    0x0, 0xf, 0xff, 0x8f, 0xc0, 0x0, 0x1f, 0xf8,
    0xbd, 0x7f, 0x80, 0x1, 0x3, 0xe7, 0xff, 0xc0,
    0x0, 0x2f, 0x2f, 0x6f, 0x40, 0x1, 0xf8, 0xfc,
    0x7d, 0x0, 0xf, 0xc3, 0xf0, 0xf8, 0x0, 0x7e,
    0xf, 0xc3, 0xe0, 0x3, 0xf0, 0x3f, 0x1f, 0x40,
    0x1f, 0x40, 0xbd, 0xbd, 0x0, 0xfc, 0x1, 0xff,
    0xf0, 0xb, 0xd0, 0x1, 0xfe, 0x0,

    /* U+0026 "&" */
    0x0, 0x6f, 0xf4, 0x0, 0x2, 0xff, 0xfe, 0x0,
    0x7, 0xff, 0xff, 0x0, 0xb, 0xfd, 0xff, 0x40,
    0xb, 0xf8, 0xbf, 0x40, 0xb, 0xfc, 0xff, 0x0,
    0x7, 0xff, 0xff, 0x0, 0x3, 0xff, 0xfc, 0x0,
    0x2, 0xff, 0xf2, 0xfd, 0xf, 0xff, 0xf2, 0xfd,
    0x3f, 0xff, 0xfb, 0xfc, 0x7f, 0xdf, 0xff, 0xfc,
    0xbf, 0xc3, 0xff, 0xf8, 0xbf, 0xc0, 0xff, 0xf0,
    0xbf, 0xfb, 0xff, 0xf9, 0x3f, 0xff, 0xff, 0xfe,
    0x1f, 0xff, 0xff, 0xfe, 0x2, 0xff, 0x81, 0xfe,

    /* U+0027 "'" */
    0x7f, 0x9f, 0xe7, 0xf8, 0xfd, 0x3f, 0x4f, 0xd3,
    0xf0, 0x68,

    /* U+0028 "(" */
    0x0, 0xff, 0xc0, 0x1f, 0xf4, 0x3, 0xff, 0x0,
    0xbf, 0xd0, 0xf, 0xfc, 0x1, 0xff, 0x80, 0x3f,
    0xf4, 0x3, 0xff, 0x0, 0x7f, 0xf0, 0xb, 0xfe,
    0x0, 0xbf, 0xe0, 0xb, 0xfd, 0x0, 0xbf, 0xd0,
    0xb, 0xfe, 0x0, 0xbf, 0xe0, 0x7, 0xff, 0x0,
    0x3f, 0xf0, 0x3, 0xff, 0x0, 0x2f, 0xf8, 0x0,
    0xff, 0xc0, 0xb, 0xfd, 0x0, 0x3f, 0xf0, 0x2,
    0xff, 0x40, 0xf, 0xfc,

    /* U+0029 ")" */
    0x7f, 0xe0, 0x3, 0xff, 0x0, 0xf, 0xf8, 0x0,
    0xff, 0xc0, 0x7, 0xfe, 0x0, 0x3f, 0xf0, 0x2,
    0xff, 0x40, 0x1f, 0xfc, 0x0, 0xff, 0xc0, 0xf,
    0xfc, 0x0, 0xff, 0xc0, 0xf, 0xfd, 0x0, 0xff,
    0xd0, 0xf, 0xfc, 0x0, 0xff, 0xc0, 0xf, 0xfc,
    0x1, 0xff, 0x80, 0x2f, 0xf4, 0x3, 0xff, 0x0,
    0x7f, 0xe0, 0xf, 0xfc, 0x1, 0xff, 0x80, 0x3f,
    0xf0, 0x7, 0xfd, 0x0,

    /* U+002A "*" */
    0x0, 0xbf, 0x0, 0x0, 0xbe, 0x0, 0x1d, 0x7d,
    0x78, 0x2f, 0xff, 0xfc, 0x3f, 0xff, 0xfc, 0x1a,
    0xff, 0xe4, 0x2, 0xff, 0xc0, 0xb, 0xff, 0xf0,
    0xb, 0xe7, 0xf0, 0x1, 0xc3, 0x80, 0x0, 0x0,
    0x0,

    /* U+002B "+" */
    0x0, 0x1f, 0xd0, 0x0, 0x0, 0x7f, 0x40, 0x0,
    0x1, 0xfd, 0x0, 0x0, 0x7, 0xf4, 0x0, 0x0,
    0x1f, 0xd0, 0x1, 0xff, 0xff, 0xff, 0xd7, 0xff,
    0xff, 0xff, 0x5f, 0xff, 0xff, 0xfd, 0x6a, 0xbf,
    0xfa, 0xa4, 0x0, 0x7f, 0x40, 0x0, 0x1, 0xfd,
    0x0, 0x0, 0x7, 0xf4, 0x0, 0x0, 0x1f, 0xd0,
    0x0, 0x0, 0x7f, 0x40, 0x0,

    /* U+002C "," */
    0x0, 0x0, 0x7, 0xfc, 0x7, 0xfc, 0xb, 0xf8,
    0xf, 0xf4, 0xf, 0xf0, 0x1f, 0xe0, 0x3f, 0xc0,
    0x3f, 0x80,

    /* U+002D "-" */
    0x7f, 0xff, 0x5f, 0xff, 0xd7, 0xff, 0xf5, 0xff,
    0xfd,

    /* U+002E "." */
    0x16, 0x40, 0xff, 0xc7, 0xff, 0x1f, 0xfc, 0x3f,
    0xf0, 0xbf, 0x40,

    /* U+002F "/" */
    0x0, 0x3, 0xf0, 0x0, 0x1f, 0x80, 0x0, 0xfd,
    0x0, 0x3, 0xf0, 0x0, 0x2f, 0x80, 0x0, 0xfd,
    0x0, 0x7, 0xf0, 0x0, 0x2f, 0x80, 0x0, 0xfc,
    0x0, 0x7, 0xf0, 0x0, 0x2f, 0x80, 0x0, 0xfc,
    0x0, 0x7, 0xf0, 0x0, 0x3f, 0x40, 0x0, 0xfc,
    0x0, 0x7, 0xe0, 0x0, 0x3f, 0x40, 0x0, 0xfc,
    0x0, 0xb, 0xe0, 0x0, 0x0,

    /* U+0030 "0" */
    0x0, 0x7f, 0xf4, 0x0, 0xf, 0xff, 0xfc, 0x0,
    0xff, 0xff, 0xfc, 0x7, 0xff, 0xff, 0xf4, 0x2f,
    0xf4, 0x7f, 0xe0, 0xff, 0xc0, 0xff, 0xc3, 0xfe,
    0x2, 0xff, 0xf, 0xf8, 0xb, 0xfc, 0x3f, 0xd0,
    0x1f, 0xf0, 0xff, 0x40, 0x7f, 0xc3, 0xfe, 0x2,
    0xff, 0xf, 0xf8, 0xb, 0xfc, 0x3f, 0xf0, 0x3f,
    0xf0, 0xbf, 0xd1, 0xff, 0x81, 0xff, 0xff, 0xfd,
    0x3, 0xff, 0xff, 0xf0, 0x3, 0xff, 0xff, 0x0,
    0x1, 0xff, 0xd0, 0x0,

    /* U+0031 "1" */
    0x6, 0xff, 0xdb, 0xff, 0xfd, 0xbf, 0xff, 0xdb,
    0xff, 0xfd, 0xbe, 0xbf, 0xd0, 0xb, 0xfd, 0x0,
    0xbf, 0xd0, 0xb, 0xfd, 0x0, 0xbf, 0xd0, 0xb,
    0xfd, 0x0, 0xbf, 0xd0, 0xb, 0xfd, 0x0, 0xbf,
    0xd0, 0xb, 0xfd, 0x0, 0xbf, 0xd0, 0xb, 0xfd,
    0x0, 0xbf, 0xd0, 0xb, 0xfd,

    /* U+0032 "2" */
    0x1b, 0xff, 0xd0, 0xf, 0xff, 0xff, 0x3, 0xff,
    0xff, 0xf0, 0xff, 0xff, 0xfd, 0x24, 0x3, 0xff,
    0x80, 0x0, 0x7f, 0xe0, 0x0, 0x1f, 0xf4, 0x0,
    0xf, 0xfd, 0x0, 0xb, 0xff, 0x0, 0xb, 0xff,
    0x0, 0xb, 0xff, 0x40, 0xf, 0xff, 0x40, 0xf,
    0xff, 0x0, 0x1f, 0xff, 0x0, 0xf, 0xff, 0xff,
    0xff, 0xff, 0xff, 0xff, 0xff, 0xff, 0xff, 0xff,
    0xff, 0xff, 0xf0,

    /* U+0033 "3" */
    0x1f, 0xff, 0x80, 0xf, 0xff, 0xfe, 0x3, 0xff,
    0xff, 0xd0, 0xff, 0xff, 0xfc, 0x0, 0x3, 0xff,
    0x0, 0x0, 0xff, 0xc0, 0x0, 0x7f, 0xe0, 0x2f,
    0xff, 0xf0, 0xb, 0xff, 0xf0, 0x2, 0xff, 0xff,
    0x0, 0x6b, 0xff, 0xf0, 0x0, 0xf, 0xfc, 0x0,
    0x2, 0xff, 0x40, 0x1, 0xff, 0xd7, 0xff, 0xff,
    0xf1, 0xff, 0xff, 0xf8, 0x7f, 0xff, 0xf8, 0xf,
    0xff, 0xe4, 0x0,

    /* U+0034 "4" */
    0x0, 0x7, 0xff, 0x40, 0x0, 0x3f, 0xfd, 0x0,
    0x2, 0xff, 0xf4, 0x0, 0xf, 0xff, 0xd0, 0x0,
    0xff, 0xff, 0x40, 0x7, 0xfb, 0xfd, 0x0, 0x3f,
    0xcf, 0xf4, 0x2, 0xfd, 0x3f, 0xd0, 0x1f, 0xf0,
    0xff, 0x40, 0xff, 0x43, 0xfd, 0x7, 0xfc, 0xf,
    0xf4, 0x2f, 0xff, 0xff, 0xfc, 0xbf, 0xff, 0xff,
    0xf2, 0xff, 0xff, 0xff, 0xcb, 0xff, 0xff, 0xff,
    0x0, 0x0, 0x3f, 0xd0, 0x0, 0x0, 0xff, 0x40,
    0x0, 0x3, 0xfd, 0x0,

    /* U+0035 "5" */
    0xf, 0xff, 0xfe, 0x3, 0xff, 0xff, 0x81, 0xff,
    0xff, 0xe0, 0x7f, 0xff, 0xf8, 0x1f, 0xf0, 0x0,
    0xb, 0xf8, 0x0, 0x2, 0xfe, 0x54, 0x0, 0xff,
    0xff, 0xe0, 0x3f, 0xff, 0xff, 0xf, 0xff, 0xff,
    0xd1, 0x40, 0x7f, 0xf8, 0x0, 0x7, 0xfe, 0x0,
    0x1, 0xff, 0x84, 0x1, 0xff, 0xe3, 0xff, 0xff,
    0xf4, 0xff, 0xff, 0xf8, 0x3f, 0xff, 0xf8, 0xf,
    0xff, 0xe0, 0x0,

    /* U+0036 "6" */
    0x0, 0x1, 0xbe, 0x0, 0x0, 0xbf, 0xf8, 0x0,
    0xf, 0xff, 0xe0, 0x0, 0xff, 0xff, 0x80, 0xb,
    0xff, 0x50, 0x0, 0x3f, 0xe0, 0x0, 0x1, 0xff,
    0x15, 0x40, 0xb, 0xff, 0xff, 0xd0, 0x3f, 0xff,
    0xff, 0xd0, 0xff, 0xff, 0xff, 0x83, 0xff, 0x3,
    0xff, 0xf, 0xf4, 0x7, 0xfc, 0x3f, 0xd0, 0xf,
    0xf0, 0xff, 0xc0, 0xbf, 0xc1, 0xff, 0xef, 0xff,
    0x3, 0xff, 0xff, 0xf4, 0x3, 0xff, 0xff, 0x40,
    0x1, 0xff, 0xe0, 0x0,

    /* U+0037 "7" */
    0xbf, 0xff, 0xff, 0x2f, 0xff, 0xff, 0xcb, 0xff,
    0xff, 0xf2, 0xff, 0xff, 0xfc, 0x0, 0x2, 0xff,
    0x0, 0x0, 0xff, 0xc0, 0x0, 0x7f, 0xd0, 0x0,
    0x3f, 0xf0, 0x0, 0xf, 0xf8, 0x0, 0xb, 0xfc,
    0x0, 0x3, 0xff, 0x0, 0x2, 0xff, 0x40, 0x0,
    0xff, 0xc0, 0x0, 0x7f, 0xe0, 0x0, 0x3f, 0xf0,
    0x0, 0xf, 0xf8, 0x0, 0xb, 0xfd, 0x0, 0x3,
    0xff, 0x0, 0x0,

    /* U+0038 "8" */
    0x0, 0xbf, 0xf8, 0x0, 0x1f, 0xff, 0xfd, 0x0,
    0xff, 0xff, 0xfc, 0xb, 0xff, 0xbf, 0xf8, 0x2f,
    0xe0, 0x2f, 0xe0, 0xbf, 0x40, 0x7f, 0x81, 0xff,
    0x3, 0xfd, 0x3, 0xff, 0xff, 0xe0, 0x3, 0xff,
    0xfe, 0x0, 0x2f, 0xff, 0xfd, 0x1, 0xff, 0xef,
    0xfd, 0xf, 0xf8, 0xb, 0xfc, 0x3f, 0xc0, 0xf,
    0xf0, 0xff, 0x80, 0xbf, 0xc3, 0xff, 0xff, 0xff,
    0xb, 0xff, 0xff, 0xf8, 0xb, 0xff, 0xff, 0x80,
    0x6, 0xff, 0xe4, 0x0,

    /* U+0039 "9" */
    0x0, 0xbf, 0xf4, 0x0, 0x1f, 0xff, 0xfc, 0x0,
    0xff, 0xff, 0xfc, 0xb, 0xff, 0xff, 0xf4, 0x3f,
    0xe0, 0x3f, 0xe0, 0xff, 0x0, 0x7f, 0xc3, 0xfd,
    0x1, 0xff, 0xf, 0xfc, 0xf, 0xfc, 0x2f, 0xff,
    0xff, 0xf0, 0x3f, 0xff, 0xff, 0xc0, 0x3f, 0xff,
    0xff, 0x0, 0x5, 0x4f, 0xf8, 0x0, 0x0, 0x7f,
    0xd0, 0x0, 0x1b, 0xff, 0x0, 0x2f, 0xff, 0xf4,
    0x0, 0xbf, 0xff, 0x80, 0x2, 0xff, 0xf4, 0x0,
    0xb, 0xf9, 0x0, 0x0,

    /* U+003A ":" */
    0x3f, 0xd7, 0xff, 0x7f, 0xf7, 0xff, 0x3f, 0xf1,
    0x64, 0x0, 0x0, 0x0, 0x16, 0x43, 0xff, 0x7f,
    0xf7, 0xff, 0x7f, 0xf3, 0xfd,

    /* U+003B ";" */
    0x3, 0xfd, 0x7, 0xff, 0x7, 0xff, 0x7, 0xff,
    0x3, 0xff, 0x1, 0x64, 0x0, 0x0, 0x0, 0x0,
    0x0, 0x0, 0x3, 0xfe, 0x3, 0xfd, 0x3, 0xfc,
    0x7, 0xfc, 0xb, 0xf8, 0xf, 0xf0, 0x1f, 0xe0,
    0x2f, 0xc0, 0x0, 0x0,

    /* U+003C "<" */
    0x0, 0x0, 0x0, 0x10, 0x0, 0x0, 0x7, 0xd0,
    0x0, 0x2, 0xff, 0x40, 0x1, 0xff, 0xfd, 0x0,
    0xbf, 0xff, 0xd0, 0x6f, 0xff, 0xe0, 0x7, 0xff,
    0xe4, 0x0, 0x1f, 0xf4, 0x0, 0x0, 0x7f, 0x0,
    0x0, 0x1, 0xff, 0x90, 0x0, 0x7, 0xff, 0xf8,
    0x0, 0x1, 0xff, 0xff, 0x40, 0x0, 0x6f, 0xff,
    0xe0, 0x0, 0xb, 0xff, 0xd0, 0x0, 0x1, 0xff,
    0x40, 0x0, 0x0, 0x2d, 0x0, 0x0, 0x0, 0x0,

    /* U+003D "=" */
    0x6a, 0xaa, 0xaa, 0xa5, 0xff, 0xff, 0xff, 0xd7,
    0xff, 0xff, 0xff, 0x5f, 0xff, 0xff, 0xfd, 0x0,
    0x0, 0x0, 0x0, 0x0, 0x0, 0x0, 0x0, 0x0,
    0x0, 0x0, 0x1a, 0xaa, 0xaa, 0xa9, 0x7f, 0xff,
    0xff, 0xf5, 0xff, 0xff, 0xff, 0xd7, 0xff, 0xff,
    0xff, 0x40,

    /* U+003E ">" */
    0x10, 0x0, 0x0, 0x1, 0xf4, 0x0, 0x0, 0x7,
    0xfe, 0x0, 0x0, 0x1f, 0xff, 0xd0, 0x0, 0x1f,
    0xff, 0xf8, 0x0, 0x2, 0xff, 0xfe, 0x40, 0x0,
    0x6f, 0xff, 0x40, 0x0, 0x7, 0xfd, 0x0, 0x0,
    0x3, 0xf4, 0x0, 0x1, 0xbf, 0xd0, 0x0, 0xbf,
    0xff, 0x40, 0x7f, 0xff, 0xd0, 0x2f, 0xff, 0xe4,
    0x1, 0xff, 0xf8, 0x0, 0x7, 0xfd, 0x0, 0x0,
    0x1e, 0x0, 0x0, 0x0, 0x0, 0x0, 0x0, 0x0,

    /* U+003F "?" */
    0x2f, 0xff, 0x80, 0xff, 0xff, 0xc3, 0xff, 0xff,
    0x4f, 0xff, 0xfe, 0x0, 0x2f, 0xfc, 0x0, 0x7f,
    0xe0, 0x2, 0xff, 0x40, 0x2f, 0xfc, 0x1, 0xff,
    0xc0, 0xf, 0xfc, 0x0, 0x3f, 0xc0, 0x0, 0x69,
    0x0, 0x0, 0x0, 0x0, 0xf, 0xf0, 0x0, 0x7f,
    0xe0, 0x1, 0xff, 0x80, 0x7, 0xfe, 0x0, 0xf,
    0xf0, 0x0,

    /* U+0040 "@" */
    0x0, 0x1, 0xbf, 0xf8, 0x0, 0x0, 0x7, 0xff,
    0xff, 0xe0, 0x0, 0xb, 0xff, 0xff, 0xff, 0x0,
    0xb, 0xff, 0x55, 0xbf, 0xf0, 0x7, 0xfd, 0x0,
    0x2, 0xfe, 0x3, 0xfc, 0x1f, 0xda, 0xaf, 0xc2,
    0xfd, 0x1f, 0xff, 0xe7, 0xf0, 0xff, 0x1f, 0xff,
    0xf8, 0xfd, 0x3f, 0x4b, 0xf1, 0xfd, 0x3f, 0x5f,
    0xc3, 0xf4, 0x3f, 0xf, 0xd7, 0xf0, 0xfc, 0x1f,
    0xc3, 0xf5, 0xfc, 0x7f, 0xb, 0xf0, 0xfc, 0x7f,
    0xf, 0xd3, 0xfc, 0xbe, 0x1f, 0xc3, 0xff, 0xff,
    0xff, 0x43, 0xf8, 0xbf, 0xfb, 0xff, 0x80, 0xff,
    0xb, 0xf0, 0x7f, 0x40, 0x1f, 0xf4, 0x0, 0x0,
    0x0, 0x2, 0xff, 0xd5, 0x16, 0x40, 0x0, 0x2f,
    0xff, 0xff, 0xe0, 0x0, 0x1, 0xff, 0xff, 0xf8,
    0x0, 0x0, 0x6, 0xff, 0xf9, 0x0, 0x0,

    /* U+0041 "A" */
    0x0, 0x3, 0xff, 0xf0, 0x0, 0x0, 0x0, 0xff,
    0xfe, 0x0, 0x0, 0x0, 0xbf, 0xff, 0xc0, 0x0,
    0x0, 0x3f, 0xff, 0xf4, 0x0, 0x0, 0x1f, 0xfb,
    0xfe, 0x0, 0x0, 0xb, 0xfc, 0xff, 0xc0, 0x0,
    0x3, 0xff, 0x2f, 0xf4, 0x0, 0x1, 0xff, 0x43,
    0xfe, 0x0, 0x0, 0xbf, 0xc0, 0xff, 0xc0, 0x0,
    0x3f, 0xf0, 0x2f, 0xf4, 0x0, 0x1f, 0xff, 0xff,
    0xfe, 0x0, 0xf, 0xff, 0xff, 0xff, 0xc0, 0x3,
    0xff, 0xff, 0xff, 0xf4, 0x1, 0xff, 0xff, 0xff,
    0xff, 0x0, 0xff, 0xd0, 0x0, 0xff, 0xc0, 0x3f,
    0xf0, 0x0, 0x2f, 0xf4, 0x2f, 0xf8, 0x0, 0x7,
    0xff, 0xf, 0xfd, 0x0, 0x0, 0xff, 0xc0,

    /* U+0042 "B" */
    0x7f, 0xff, 0xf9, 0x1, 0xff, 0xff, 0xff, 0x7,
    0xff, 0xff, 0xfe, 0x1f, 0xff, 0xff, 0xfc, 0x7f,
    0xe0, 0x7f, 0xf1, 0xff, 0x80, 0xff, 0xc7, 0xfe,
    0x3, 0xff, 0x1f, 0xfe, 0xbf, 0xf8, 0x7f, 0xff,
    0xff, 0x41, 0xff, 0xff, 0xfe, 0x7, 0xff, 0xff,
    0xff, 0x1f, 0xf8, 0xf, 0xfd, 0x7f, 0xe0, 0x1f,
    0xf9, 0xff, 0x80, 0xff, 0xe7, 0xff, 0xff, 0xff,
    0x5f, 0xff, 0xff, 0xfc, 0x7f, 0xff, 0xff, 0xd1,
    0xff, 0xff, 0xf4, 0x0,

    /* U+0043 "C" */
    0x0, 0x6f, 0xff, 0x80, 0x2f, 0xff, 0xfc, 0xf,
    0xff, 0xff, 0xc2, 0xff, 0xff, 0xfc, 0x3f, 0xfe,
    0x56, 0xc7, 0xff, 0x40, 0x0, 0xbf, 0xf0, 0x0,
    0xb, 0xfe, 0x0, 0x0, 0xff, 0xe0, 0x0, 0xf,
    0xfe, 0x0, 0x0, 0xbf, 0xe0, 0x0, 0xb, 0xff,
    0x0, 0x0, 0x7f, 0xf4, 0x0, 0x3, 0xff, 0xe5,
    0x6c, 0x2f, 0xff, 0xff, 0xc0, 0xff, 0xff, 0xfc,
    0x3, 0xff, 0xff, 0xc0, 0x6, 0xff, 0xe4,

    /* U+0044 "D" */
    0x7f, 0xff, 0xf9, 0x0, 0x7f, 0xff, 0xff, 0xd0,
    0x7f, 0xff, 0xff, 0xf0, 0x7f, 0xff, 0xff, 0xfc,
    0x7f, 0xe1, 0x7f, 0xfc, 0x7f, 0xe0, 0xf, 0xfd,
    0x7f, 0xe0, 0xb, 0xfe, 0x7f, 0xe0, 0x7, 0xff,
    0x7f, 0xe0, 0x7, 0xff, 0x7f, 0xe0, 0x7, 0xff,
    0x7f, 0xe0, 0x7, 0xfe, 0x7f, 0xe0, 0xb, 0xfe,
    0x7f, 0xe0, 0xf, 0xfd, 0x7f, 0xe5, 0x7f, 0xfc,
    0x7f, 0xff, 0xff, 0xf8, 0x7f, 0xff, 0xff, 0xf0,
    0x7f, 0xff, 0xff, 0xc0, 0x7f, 0xff, 0xf9, 0x0,

    /* U+0045 "E" */
    0x7f, 0xff, 0xff, 0x1f, 0xff, 0xff, 0xc7, 0xff,
    0xff, 0xf1, 0xff, 0xff, 0xfc, 0x7f, 0xf5, 0x55,
    0x1f, 0xf8, 0x0, 0x7, 0xfe, 0x0, 0x1, 0xff,
    0xff, 0xf4, 0x7f, 0xff, 0xfd, 0x1f, 0xff, 0xff,
    0x47, 0xff, 0xff, 0xd1, 0xff, 0x80, 0x0, 0x7f,
    0xe0, 0x0, 0x1f, 0xfd, 0x55, 0x47, 0xff, 0xff,
    0xf1, 0xff, 0xff, 0xfc, 0x7f, 0xff, 0xff, 0x1f,
    0xff, 0xff, 0xc0,

    /* U+0046 "F" */
    0x7f, 0xff, 0xff, 0x7f, 0xff, 0xff, 0x7f, 0xff,
    0xff, 0x7f, 0xff, 0xff, 0x7f, 0xf5, 0x55, 0x7f,
    0xe0, 0x0, 0x7f, 0xe0, 0x0, 0x7f, 0xe5, 0x54,
    0x7f, 0xff, 0xfd, 0x7f, 0xff, 0xfd, 0x7f, 0xff,
    0xfd, 0x7f, 0xff, 0xfd, 0x7f, 0xe0, 0x0, 0x7f,
    0xe0, 0x0, 0x7f, 0xe0, 0x0, 0x7f, 0xe0, 0x0,
    0x7f, 0xe0, 0x0, 0x7f, 0xe0, 0x0,

    /* U+0047 "G" */
    0x0, 0x2f, 0xff, 0x90, 0xb, 0xff, 0xff, 0xc0,
    0xff, 0xff, 0xff, 0xb, 0xff, 0xff, 0xfc, 0x3f,
    0xfe, 0x55, 0xa1, 0xff, 0xd0, 0x0, 0xb, 0xff,
    0x0, 0x0, 0x2f, 0xfc, 0x3f, 0xff, 0xff, 0xe0,
    0xff, 0xff, 0xff, 0x83, 0xff, 0xfb, 0xff, 0xf,
    0xff, 0xef, 0xfc, 0x2, 0xff, 0x7f, 0xf0, 0xb,
    0xfc, 0xff, 0xf5, 0x2f, 0xf2, 0xff, 0xff, 0xff,
    0xc3, 0xff, 0xff, 0xff, 0x3, 0xff, 0xff, 0xfc,
    0x1, 0xbf, 0xfe, 0x90,

    /* U+0048 "H" */
    0x7f, 0xe0, 0x3, 0xff, 0x1f, 0xf8, 0x0, 0xff,
    0xc7, 0xfe, 0x0, 0x3f, 0xf1, 0xff, 0x80, 0xf,
    0xfc, 0x7f, 0xe0, 0x3, 0xff, 0x1f, 0xf8, 0x0,
    0xff, 0xc7, 0xfe, 0x0, 0x3f, 0xf1, 0xff, 0xff,
    0xff, 0xfc, 0x7f, 0xff, 0xff, 0xff, 0x1f, 0xff,
    0xff, 0xff, 0xc7, 0xff, 0xff, 0xff, 0xf1, 0xff,
    0x80, 0xf, 0xfc, 0x7f, 0xe0, 0x3, 0xff, 0x1f,
    0xf8, 0x0, 0xff, 0xc7, 0xfe, 0x0, 0x3f, 0xf1,
    0xff, 0x80, 0xf, 0xfc, 0x7f, 0xe0, 0x3, 0xff,
    0x1f, 0xf8, 0x0, 0xff, 0xc0,

    /* U+0049 "I" */
    0x7f, 0xe7, 0xfe, 0x7f, 0xe7, 0xfe, 0x7f, 0xe7,
    0xfe, 0x7f, 0xe7, 0xfe, 0x7f, 0xe7, 0xfe, 0x7f,
    0xe7, 0xfe, 0x7f, 0xe7, 0xfe, 0x7f, 0xe7, 0xfe,
    0x7f, 0xe7, 0xfe,

    /* U+004A "J" */
    0x0, 0x7f, 0xe0, 0x7, 0xfe, 0x0, 0x7f, 0xe0,
    0x7, 0xfe, 0x0, 0x7f, 0xe0, 0x7, 0xfe, 0x0,
    0x7f, 0xe0, 0x7, 0xfe, 0x0, 0x7f, 0xe0, 0x7,
    0xfe, 0x0, 0x7f, 0xe0, 0x7, 0xfe, 0x0, 0x7f,
    0xe0, 0x7, 0xfe, 0x0, 0x7f, 0xe0, 0x7, 0xfe,
    0x0, 0x7f, 0xe0, 0xb, 0xfd, 0x0, 0xff, 0xd7,
    0xff, 0xfc, 0x7f, 0xff, 0x47, 0xff, 0xd0, 0x7f,
    0xe0, 0x0,

    /* U+004B "K" */
    0x7f, 0xe0, 0xf, 0xff, 0x1f, 0xf8, 0x7, 0xff,
    0x7, 0xfe, 0x3, 0xff, 0x81, 0xff, 0x82, 0xff,
    0xc0, 0x7f, 0xe0, 0xff, 0xd0, 0x1f, 0xf8, 0xff,
    0xe0, 0x7, 0xfe, 0x7f, 0xf0, 0x1, 0xff, 0xff,
    0xf4, 0x0, 0x7f, 0xff, 0xf8, 0x0, 0x1f, 0xff,
    0xff, 0x0, 0x7, 0xff, 0xff, 0xe0, 0x1, 0xff,
    0x9f, 0xfc, 0x0, 0x7f, 0xe3, 0xff, 0xc0, 0x1f,
    0xf8, 0x3f, 0xf8, 0x7, 0xfe, 0xb, 0xff, 0x1,
    0xff, 0x80, 0xff, 0xf0, 0x7f, 0xe0, 0x1f, 0xfd,
    0x1f, 0xf8, 0x3, 0xff, 0xc0,

    /* U+004C "L" */
    0x7f, 0xe0, 0x0, 0x1f, 0xf8, 0x0, 0x7, 0xfe,
    0x0, 0x1, 0xff, 0x80, 0x0, 0x7f, 0xe0, 0x0,
    0x1f, 0xf8, 0x0, 0x7, 0xfe, 0x0, 0x1, 0xff,
    0x80, 0x0, 0x7f, 0xe0, 0x0, 0x1f, 0xf8, 0x0,
    0x7, 0xfe, 0x0, 0x1, 0xff, 0x80, 0x0, 0x7f,
    0xe0, 0x0, 0x1f, 0xfd, 0x55, 0x47, 0xff, 0xff,
    0xf1, 0xff, 0xff, 0xfc, 0x7f, 0xff, 0xff, 0x1f,
    0xff, 0xff, 0xc0,

    /* U+004D "M" */
    0x7f, 0xff, 0xc0, 0xbf, 0xff, 0x5f, 0xff, 0xf0,
    0x3f, 0xff, 0xd7, 0xff, 0xfd, 0xf, 0xff, 0xf5,
    0xff, 0xff, 0x43, 0xff, 0xfd, 0x7f, 0xff, 0xe1,
    0xff, 0xff, 0x5f, 0xfb, 0xfc, 0xbf, 0xbf, 0xd7,
    0xfd, 0xff, 0x3f, 0xef, 0xf5, 0xff, 0x6f, 0xdf,
    0xeb, 0xfd, 0x7f, 0xdb, 0xfb, 0xf6, 0xff, 0x5f,
    0xf5, 0xff, 0xfc, 0xbf, 0xd7, 0xfd, 0x3f, 0xff,
    0x2f, 0xf5, 0xff, 0x4f, 0xff, 0x8b, 0xfd, 0x7f,
    0xd2, 0xff, 0xd2, 0xff, 0x5f, 0xf4, 0x7f, 0xf0,
    0xbf, 0xd7, 0xfd, 0xf, 0xfc, 0x2f, 0xf5, 0xff,
    0x40, 0x0, 0xb, 0xfd, 0x7f, 0xd0, 0x0, 0x2,
    0xff, 0x5f, 0xf4, 0x0, 0x0, 0xbf, 0xd0,

    /* U+004E "N" */
    0x7f, 0xff, 0x40, 0xff, 0xdf, 0xff, 0xe0, 0x3f,
    0xf7, 0xff, 0xfc, 0xf, 0xfd, 0xff, 0xff, 0x43,
    0xff, 0x7f, 0xff, 0xe0, 0xff, 0xdf, 0xff, 0xfc,
    0x3f, 0xf7, 0xfe, 0xff, 0xf, 0xfd, 0xff, 0xbf,
    0xe3, 0xff, 0x7f, 0xe7, 0xfc, 0xff, 0xdf, 0xf8,
    0xff, 0x7f, 0xf7, 0xfe, 0x2f, 0xef, 0xfd, 0xff,
    0x87, 0xff, 0xff, 0x7f, 0xe0, 0xff, 0xff, 0xdf,
    0xf8, 0x2f, 0xff, 0xf7, 0xfe, 0x7, 0xff, 0xfd,
    0xff, 0x80, 0xff, 0xff, 0x7f, 0xe0, 0x2f, 0xff,
    0xdf, 0xf8, 0x7, 0xff, 0xf0,

    /* U+004F "O" */
    0x0, 0x6f, 0xfe, 0x40, 0x1, 0xff, 0xff, 0xfc,
    0x0, 0xff, 0xff, 0xff, 0xc0, 0xff, 0xff, 0xff,
    0xf8, 0x3f, 0xf8, 0xf, 0xff, 0x1f, 0xfc, 0x0,
    0xff, 0xcb, 0xfe, 0x0, 0x3f, 0xf6, 0xff, 0x80,
    0xb, 0xfd, 0xff, 0xd0, 0x2, 0xff, 0xbf, 0xf4,
    0x0, 0xbf, 0xeb, 0xfe, 0x0, 0x2f, 0xf6, 0xff,
    0x80, 0xf, 0xfd, 0x7f, 0xf0, 0x3, 0xff, 0xf,
    0xfe, 0x47, 0xff, 0xc3, 0xff, 0xff, 0xff, 0xe0,
    0x3f, 0xff, 0xff, 0xf0, 0x7, 0xff, 0xff, 0xf0,
    0x0, 0x1b, 0xff, 0x90, 0x0,

    /* U+0050 "P" */
    0x7f, 0xff, 0xf9, 0x1, 0xff, 0xff, 0xff, 0x7,
    0xff, 0xff, 0xff, 0x1f, 0xff, 0xff, 0xfc, 0x7f,
    0xe0, 0x7f, 0xf5, 0xff, 0x80, 0xbf, 0xe7, 0xfe,
    0x2, 0xff, 0x9f, 0xf8, 0xb, 0xfe, 0x7f, 0xe0,
    0x7f, 0xf5, 0xff, 0xff, 0xff, 0xc7, 0xff, 0xff,
    0xfe, 0x1f, 0xff, 0xff, 0xf0, 0x7f, 0xff, 0xf9,
    0x1, 0xff, 0x80, 0x0, 0x7, 0xfe, 0x0, 0x0,
    0x1f, 0xf8, 0x0, 0x0, 0x7f, 0xe0, 0x0, 0x1,
    0xff, 0x80, 0x0, 0x0,

    /* U+0051 "Q" */
    0x0, 0x6f, 0xfe, 0x40, 0x1, 0xff, 0xff, 0xfc,
    0x0, 0xff, 0xff, 0xff, 0xc0, 0xff, 0xff, 0xff,
    0xf8, 0x3f, 0xf8, 0xf, 0xff, 0x1f, 0xfc, 0x0,
    0xff, 0xcb, 0xfe, 0x0, 0x3f, 0xf6, 0xff, 0x80,
    0xb, 0xfd, 0xff, 0xd0, 0x2, 0xff, 0xbf, 0xf4,
    0x0, 0xbf, 0xeb, 0xfe, 0x0, 0x2f, 0xf6, 0xff,
    0x80, 0xf, 0xfd, 0x7f, 0xf0, 0x3, 0xff, 0xf,
    0xfe, 0x47, 0xff, 0xc3, 0xff, 0xff, 0xff, 0xe0,
    0x3f, 0xff, 0xff, 0xf0, 0x7, 0xff, 0xff, 0xf0,
    0x0, 0x1b, 0xff, 0xf0, 0x0, 0x0, 0xb, 0xfe,
    0x0, 0x0, 0x0, 0xff, 0xd0, 0x0, 0x0, 0x2f,
    0xfc, 0x0, 0x0, 0x1, 0xaa, 0x40,

    /* U+0052 "R" */
    0x7f, 0xff, 0xf9, 0x0, 0x1f, 0xff, 0xff, 0xe0,
    0x7, 0xff, 0xff, 0xfe, 0x1, 0xff, 0xff, 0xff,
    0xc0, 0x7f, 0xe0, 0x3f, 0xf4, 0x1f, 0xf8, 0xb,
    0xfd, 0x7, 0xfe, 0x2, 0xff, 0x41, 0xff, 0x80,
    0xff, 0xd0, 0x7f, 0xfa, 0xff, 0xf0, 0x1f, 0xff,
    0xff, 0xf8, 0x7, 0xff, 0xff, 0xfc, 0x1, 0xff,
    0xff, 0xf8, 0x0, 0x7f, 0xe3, 0xff, 0x0, 0x1f,
    0xf8, 0xbf, 0xf0, 0x7, 0xfe, 0xf, 0xfe, 0x1,
    0xff, 0x81, 0xff, 0xd0, 0x7f, 0xe0, 0x2f, 0xfc,
    0x1f, 0xf8, 0x3, 0xff, 0x80,

    /* U+0053 "S" */
    0x2, 0xff, 0xf8, 0x7, 0xff, 0xff, 0x83, 0xff,
    0xff, 0xe2, 0xff, 0xff, 0xf8, 0xbf, 0xd0, 0x15,
    0x3f, 0xf0, 0x0, 0xb, 0xff, 0x40, 0x2, 0xff,
    0xff, 0x80, 0x3f, 0xff, 0xfc, 0x3, 0xff, 0xff,
    0xc0, 0xb, 0xff, 0xf0, 0x0, 0xf, 0xfd, 0x0,
    0x2, 0xff, 0x69, 0x55, 0xff, 0xdb, 0xff, 0xff,
    0xf2, 0xff, 0xff, 0xf8, 0xbf, 0xff, 0xfc, 0x1b,
    0xff, 0xe4, 0x0,

    /* U+0054 "T" */
    0xbf, 0xff, 0xff, 0xeb, 0xff, 0xff, 0xfe, 0xbf,
    0xff, 0xff, 0xeb, 0xff, 0xff, 0xfe, 0x15, 0xbf,
    0xf5, 0x50, 0x7, 0xfe, 0x0, 0x0, 0x7f, 0xe0,
    0x0, 0x7, 0xfe, 0x0, 0x0, 0x7f, 0xe0, 0x0,
    0x7, 0xfe, 0x0, 0x0, 0x7f, 0xe0, 0x0, 0x7,
    0xfe, 0x0, 0x0, 0x7f, 0xe0, 0x0, 0x7, 0xfe,
    0x0, 0x0, 0x7f, 0xe0, 0x0, 0x7, 0xfe, 0x0,
    0x0, 0x7f, 0xe0, 0x0, 0x7, 0xfe, 0x0,

    /* U+0055 "U" */
    0x7f, 0xe0, 0x3, 0xff, 0x1f, 0xf8, 0x0, 0xff,
    0xc7, 0xfe, 0x0, 0x3f, 0xf1, 0xff, 0x80, 0xf,
    0xfc, 0x7f, 0xe0, 0x3, 0xff, 0x1f, 0xf8, 0x0,
    0xff, 0xc7, 0xfe, 0x0, 0x3f, 0xf1, 0xff, 0x80,
    0xf, 0xfc, 0x7f, 0xe0, 0x3, 0xff, 0x1f, 0xf8,
    0x0, 0xff, 0xc7, 0xfe, 0x0, 0x3f, 0xf1, 0xff,
    0x80, 0xf, 0xfc, 0x7f, 0xf0, 0x3, 0xff, 0x1f,
    0xff, 0x57, 0xff, 0xc3, 0xff, 0xff, 0xff, 0xe0,
    0x7f, 0xff, 0xff, 0xf0, 0xb, 0xff, 0xff, 0xf0,
    0x0, 0x2f, 0xff, 0x90, 0x0,

    /* U+0056 "V" */
    0xbf, 0xf0, 0x0, 0x2f, 0xf8, 0xff, 0xd0, 0x0,
    0xff, 0xc3, 0xff, 0x80, 0x7, 0xff, 0xb, 0xff,
    0x0, 0x2f, 0xf8, 0xf, 0xfc, 0x0, 0xff, 0xc0,
    0x3f, 0xf4, 0x3, 0xff, 0x0, 0xbf, 0xe0, 0x2f,
    0xf4, 0x0, 0xff, 0xc0, 0xff, 0xc0, 0x3, 0xff,
    0x43, 0xff, 0x0, 0xb, 0xfe, 0x1f, 0xf4, 0x0,
    0xf, 0xfc, 0xff, 0xc0, 0x0, 0x3f, 0xf7, 0xfe,
    0x0, 0x0, 0xbf, 0xff, 0xf4, 0x0, 0x0, 0xff,
    0xff, 0xc0, 0x0, 0x3, 0xff, 0xfe, 0x0, 0x0,
    0xb, 0xff, 0xf4, 0x0, 0x0, 0xf, 0xff, 0xc0,
    0x0, 0x0, 0x3f, 0xfe, 0x0, 0x0,

    /* U+0057 "W" */
    0xbf, 0xe0, 0x0, 0x0, 0x3, 0xff, 0x5f, 0xfc,
    0x0, 0x0, 0x0, 0xff, 0xc3, 0xff, 0x2, 0xff,
    0xd0, 0x7f, 0xf0, 0xff, 0xc0, 0xff, 0xf8, 0x1f,
    0xf8, 0x3f, 0xf4, 0x3f, 0xfe, 0xb, 0xfd, 0xb,
    0xfd, 0xf, 0xff, 0xc3, 0xff, 0x1, 0xff, 0x87,
    0xff, 0xf0, 0xff, 0xc0, 0x3f, 0xe2, 0xff, 0xfc,
    0x3f, 0xf0, 0xf, 0xfc, 0xbf, 0xff, 0x5f, 0xf8,
    0x3, 0xff, 0x3f, 0xdf, 0xe7, 0xfd, 0x0, 0xbf,
    0xdf, 0xe7, 0xfe, 0xff, 0x0, 0x1f, 0xfb, 0xf4,
    0xff, 0xff, 0xc0, 0x3, 0xff, 0xfc, 0x3f, 0xff,
    0xe0, 0x0, 0xff, 0xff, 0xb, 0xff, 0xf4, 0x0,
    0x3f, 0xff, 0xc1, 0xff, 0xfd, 0x0, 0xb, 0xff,
    0xe0, 0x3f, 0xff, 0x0, 0x1, 0xff, 0xf4, 0xf,
    0xff, 0xc0, 0x0, 0x7f, 0xfc, 0x3, 0xff, 0xe0,
    0x0,

    /* U+0058 "X" */
    0x3f, 0xf8, 0x0, 0xff, 0xe0, 0xbf, 0xf0, 0xb,
    0xff, 0x0, 0xff, 0xe0, 0x3f, 0xf4, 0x2, 0xff,
    0xc2, 0xff, 0xc0, 0x3, 0xff, 0x8f, 0xfd, 0x0,
    0x7, 0xff, 0xbf, 0xf0, 0x0, 0xf, 0xff, 0xff,
    0x0, 0x0, 0x1f, 0xff, 0xf8, 0x0, 0x0, 0x2f,
    0xff, 0xc0, 0x0, 0x0, 0xff, 0xff, 0x40, 0x0,
    0x7, 0xff, 0xff, 0x0, 0x0, 0x3f, 0xff, 0xfd,
    0x0, 0x2, 0xff, 0xef, 0xfc, 0x0, 0xf, 0xfd,
    0x3f, 0xf8, 0x0, 0xff, 0xf0, 0xbf, 0xf0, 0x7,
    0xff, 0x40, 0xff, 0xe0, 0x3f, 0xfc, 0x2, 0xff,
    0xd2, 0xff, 0xd0, 0x3, 0xff, 0xc0,

    /* U+0059 "Y" */
    0xbf, 0xf0, 0x0, 0xff, 0xe3, 0xff, 0x80, 0x2f,
    0xfc, 0x2f, 0xfc, 0x3, 0xff, 0x40, 0xff, 0xe0,
    0xbf, 0xf0, 0x7, 0xff, 0xf, 0xfd, 0x0, 0x3f,
    0xf6, 0xff, 0x80, 0x1, 0xff, 0xff, 0xf0, 0x0,
    0xb, 0xff, 0xfe, 0x0, 0x0, 0x3f, 0xff, 0xc0,
    0x0, 0x2, 0xff, 0xf4, 0x0, 0x0, 0xf, 0xff,
    0x0, 0x0, 0x0, 0xbf, 0xd0, 0x0, 0x0, 0xb,
    0xfd, 0x0, 0x0, 0x0, 0xbf, 0xd0, 0x0, 0x0,
    0xb, 0xfd, 0x0, 0x0, 0x0, 0xbf, 0xd0, 0x0,
    0x0, 0xb, 0xfd, 0x0, 0x0, 0x0, 0xbf, 0xd0,
    0x0,

    /* U+005A "Z" */
    0x7f, 0xff, 0xff, 0xf1, 0xff, 0xff, 0xff, 0xc7,
    0xff, 0xff, 0xff, 0x1f, 0xff, 0xff, 0xfc, 0x15,
    0x56, 0xff, 0xe0, 0x0, 0xf, 0xff, 0x0, 0x0,
    0xff, 0xf0, 0x0, 0xf, 0xff, 0x40, 0x0, 0xbf,
    0xf8, 0x0, 0x7, 0xff, 0x80, 0x0, 0x3f, 0xfc,
    0x0, 0x3, 0xff, 0xc0, 0x0, 0x3f, 0xfd, 0x0,
    0x2, 0xff, 0xf5, 0x55, 0x5f, 0xff, 0xff, 0xff,
    0xbf, 0xff, 0xff, 0xfe, 0xff, 0xff, 0xff, 0xfb,
    0xff, 0xff, 0xff, 0xe0,

    /* U+005B "[" */
    0x7f, 0xfe, 0x7f, 0xfe, 0x7f, 0xfe, 0x7f, 0xfe,
    0x7f, 0xe0, 0x7f, 0xe0, 0x7f, 0xe0, 0x7f, 0xe0,
    0x7f, 0xe0, 0x7f, 0xe0, 0x7f, 0xe0, 0x7f, 0xe0,
    0x7f, 0xe0, 0x7f, 0xe0, 0x7f, 0xe0, 0x7f, 0xe0,
    0x7f, 0xe0, 0x7f, 0xe0, 0x7f, 0xe0, 0x7f, 0xe0,
    0x7f, 0xfe, 0x7f, 0xfe, 0x7f, 0xfe, 0x7f, 0xfe,

    /* U+005C "\\" */
    0xbe, 0x0, 0x0, 0xf, 0xc0, 0x0, 0x3, 0xf4,
    0x0, 0x0, 0x7f, 0x0, 0x0, 0xf, 0xd0, 0x0,
    0x2, 0xf8, 0x0, 0x0, 0x3f, 0x0, 0x0, 0xf,
    0xd0, 0x0, 0x1, 0xfc, 0x0, 0x0, 0x3f, 0x40,
    0x0, 0xb, 0xe0, 0x0, 0x0, 0xfc, 0x0, 0x0,
    0x2f, 0x80, 0x0, 0x7, 0xf0, 0x0, 0x0, 0xfd,
    0x0, 0x0, 0x2f, 0xc0, 0x0, 0x3, 0xf0, 0x0,
    0x0, 0xbe, 0x0, 0x0, 0x1f, 0xc0, 0x0, 0x3,
    0xf4, 0x0, 0x0, 0x7f, 0x0, 0x0, 0xf, 0xc0,

    /* U+005D "]" */
    0xbf, 0xfc, 0xbf, 0xfc, 0xbf, 0xfc, 0xbf, 0xfc,
    0xb, 0xfc, 0xb, 0xfc, 0xb, 0xfc, 0xb, 0xfc,
    0xb, 0xfc, 0xb, 0xfc, 0xb, 0xfc, 0xb, 0xfc,
    0xb, 0xfc, 0xb, 0xfc, 0xb, 0xfc, 0xb, 0xfc,
    0xb, 0xfc, 0xb, 0xfc, 0xb, 0xfc, 0xb, 0xfc,
    0xbf, 0xfc, 0xbf, 0xfc, 0xbf, 0xfc, 0xbf, 0xfc,

    /* U+005E "^" */
    0x0, 0x6a, 0x40, 0x0, 0x3f, 0xf0, 0x0, 0x2f,
    0xfe, 0x0, 0xf, 0xff, 0xc0, 0x7, 0xf3, 0xf4,
    0x3, 0xf8, 0xbf, 0x0, 0xfd, 0x1f, 0xc0, 0xbf,
    0x3, 0xf8, 0x3f, 0x80, 0xbf, 0x1f, 0xc0, 0xf,
    0xd0,

    /* U+005F "_" */
    0xff, 0xff, 0xff, 0x7f, 0xff, 0xff, 0xef, 0xff,
    0xff, 0xf8,

    /* U+0060 "`" */
    0x2a, 0x90, 0xf, 0xf0, 0x3, 0xfc, 0x0, 0xbe,

    /* U+0061 "a" */
    0x0, 0xff, 0xf9, 0x0, 0xf, 0xff, 0xfc, 0x0,
    0xff, 0xff, 0xe0, 0xf, 0xff, 0xff, 0x0, 0x0,
    0x3f, 0xf0, 0x2f, 0xff, 0xff, 0x1f, 0xff, 0xff,
    0xf3, 0xff, 0xff, 0xff, 0x3f, 0xe0, 0x3f, 0xf3,
    0xfd, 0x3, 0xff, 0x3f, 0xfa, 0xff, 0xf3, 0xff,
    0xff, 0xff, 0x1f, 0xff, 0xff, 0xf0, 0x6f, 0xe5,
    0xff,

    /* U+0062 "b" */
    0xbf, 0xd0, 0x0, 0x2, 0xff, 0x40, 0x0, 0xb,
    0xfd, 0x0, 0x0, 0x2f, 0xf4, 0x0, 0x0, 0xbf,
    0xd0, 0x0, 0x2, 0xff, 0x5f, 0xf8, 0xb, 0xff,
    0xff, 0xfc, 0x2f, 0xff, 0xff, 0xf8, 0xbf, 0xfa,
    0xff, 0xf2, 0xff, 0x40, 0xff, 0xcb, 0xfc, 0x2,
    0xff, 0x2f, 0xf0, 0xb, 0xfd, 0xbf, 0xc0, 0x2f,
    0xf6, 0xff, 0x0, 0xbf, 0xcb, 0xfd, 0x3, 0xff,
    0x2f, 0xfd, 0x6f, 0xfc, 0xbf, 0xff, 0xff, 0xd2,
    0xff, 0xff, 0xff, 0xb, 0xfc, 0xbf, 0xe0, 0x0,

    /* U+0063 "c" */
    0x0, 0xbf, 0xfc, 0x7, 0xff, 0xfd, 0xf, 0xff,
    0xfd, 0x2f, 0xff, 0xfd, 0x3f, 0xf8, 0x0, 0x3f,
    0xf0, 0x0, 0x3f, 0xe0, 0x0, 0x3f, 0xe0, 0x0,
    0x3f, 0xf0, 0x0, 0x3f, 0xf8, 0x0, 0x2f, 0xff,
    0xfd, 0xf, 0xff, 0xfd, 0x7, 0xff, 0xfd, 0x0,
    0xbf, 0xf9,

    /* U+0064 "d" */
    0x0, 0x0, 0xf, 0xf8, 0x0, 0x0, 0x3f, 0xe0,
    0x0, 0x0, 0xff, 0x80, 0x0, 0x3, 0xfe, 0x0,
    0x0, 0xf, 0xf8, 0x7, 0xfe, 0x3f, 0xe0, 0xbf,
    0xff, 0xff, 0x87, 0xff, 0xff, 0xfe, 0x2f, 0xfe,
    0xbf, 0xf8, 0xff, 0xc0, 0x7f, 0xe3, 0xff, 0x0,
    0xff, 0x8f, 0xf8, 0x3, 0xfe, 0x3f, 0xe0, 0xf,
    0xf8, 0xff, 0x80, 0x3f, 0xe3, 0xff, 0x0, 0xff,
    0x8f, 0xfe, 0x5f, 0xfe, 0x1f, 0xff, 0xff, 0xf8,
    0x3f, 0xff, 0xff, 0xe0, 0x2f, 0xf8, 0xff, 0x80,

    /* U+0065 "e" */
    0x0, 0xbf, 0xf9, 0x0, 0x1f, 0xff, 0xfe, 0x0,
    0xff, 0xff, 0xfd, 0xb, 0xff, 0xaf, 0xf8, 0x3f,
    0xf0, 0x1f, 0xf0, 0xff, 0xea, 0xff, 0xc3, 0xff,
    0xff, 0xff, 0xf, 0xff, 0xff, 0xfc, 0x3f, 0xfa,
    0x95, 0x40, 0xff, 0xc0, 0x1, 0x2, 0xff, 0xfa,
    0xfd, 0x3, 0xff, 0xff, 0xf4, 0x7, 0xff, 0xff,
    0xd0, 0x2, 0xff, 0xf9, 0x0,

    /* U+0066 "f" */
    0x0, 0x7f, 0xe0, 0x3f, 0xfe, 0x7, 0xff, 0xe0,
    0xbf, 0xe5, 0xf, 0xfc, 0xb, 0xff, 0xfc, 0xbf,
    0xff, 0xcb, 0xff, 0xfc, 0xaf, 0xfe, 0x80, 0xff,
    0xc0, 0xf, 0xfc, 0x0, 0xff, 0xc0, 0xf, 0xfc,
    0x0, 0xff, 0xc0, 0xf, 0xfc, 0x0, 0xff, 0xc0,
    0xf, 0xfc, 0x0, 0xff, 0xc0, 0xf, 0xfc, 0x0,

    /* U+0067 "g" */
    0x1, 0xff, 0x9f, 0xfc, 0x2f, 0xff, 0xff, 0xf1,
    0xff, 0xff, 0xff, 0xcb, 0xff, 0xaf, 0xff, 0x3f,
    0xf0, 0xf, 0xfc, 0xff, 0xc0, 0x3f, 0xf3, 0xfe,
    0x0, 0xbf, 0xcf, 0xf8, 0x2, 0xff, 0x3f, 0xf0,
    0xf, 0xfc, 0xff, 0xc0, 0x3f, 0xf2, 0xff, 0xd7,
    0xff, 0xc7, 0xff, 0xff, 0xff, 0xb, 0xff, 0xff,
    0xfc, 0x7, 0xfe, 0x3f, 0xe0, 0x0, 0x1, 0xff,
    0x82, 0xea, 0xbf, 0xfd, 0xb, 0xff, 0xff, 0xf0,
    0x2f, 0xff, 0xfe, 0x0, 0xbf, 0xff, 0x80, 0x0,

    /* U+0068 "h" */
    0xbf, 0xc0, 0x0, 0xb, 0xfc, 0x0, 0x0, 0xbf,
    0xc0, 0x0, 0xb, 0xfc, 0x0, 0x0, 0xbf, 0xc0,
    0x0, 0xb, 0xfc, 0x7f, 0xe0, 0xbf, 0xff, 0xff,
    0xcb, 0xff, 0xff, 0xfe, 0xbf, 0xff, 0xff, 0xeb,
    0xfe, 0x3, 0xff, 0xbf, 0xc0, 0x3f, 0xfb, 0xfc,
    0x3, 0xff, 0xbf, 0xc0, 0x3f, 0xfb, 0xfc, 0x3,
    0xff, 0xbf, 0xc0, 0x3f, 0xfb, 0xfc, 0x3, 0xff,
    0xbf, 0xc0, 0x3f, 0xfb, 0xfc, 0x3, 0xff, 0xbf,
    0xc0, 0x3f, 0xf0,

    /* U+0069 "i" */
    0x15, 0x4b, 0xfc, 0xff, 0xdf, 0xfd, 0xbf, 0xc1,
    0x50, 0xbf, 0xcb, 0xfc, 0xbf, 0xcb, 0xfc, 0xbf,
    0xcb, 0xfc, 0xbf, 0xcb, 0xfc, 0xbf, 0xcb, 0xfc,
    0xbf, 0xcb, 0xfc, 0xbf, 0xcb, 0xfc,

    /* U+006A "j" */
    0x1, 0x54, 0xb, 0xfc, 0xf, 0xfd, 0xf, 0xfd,
    0xb, 0xfc, 0x1, 0x50, 0xb, 0xfc, 0xb, 0xfc,
    0xb, 0xfc, 0xb, 0xfc, 0xb, 0xfc, 0xb, 0xfc,
    0xb, 0xfc, 0xb, 0xfc, 0xb, 0xfc, 0xb, 0xfc,
    0xb, 0xfc, 0xb, 0xfc, 0xb, 0xfc, 0xb, 0xfc,
    0xb, 0xfc, 0xaf, 0xfc, 0xff, 0xf8, 0xff, 0xf0,
    0xff, 0x80,

    /* U+006B "k" */
    0xbf, 0xc0, 0x0, 0x2, 0xff, 0x0, 0x0, 0xb,
    0xfc, 0x0, 0x0, 0x2f, 0xf0, 0x0, 0x0, 0xbf,
    0xc0, 0x0, 0x2, 0xff, 0x2, 0xff, 0x8b, 0xfc,
    0xf, 0xfc, 0x2f, 0xf0, 0xbf, 0xd0, 0xbf, 0xc3,
    0xff, 0x2, 0xff, 0x2f, 0xf4, 0xb, 0xff, 0xff,
    0x80, 0x2f, 0xff, 0xfc, 0x0, 0xbf, 0xff, 0xf4,
    0x2, 0xff, 0xff, 0xf0, 0xb, 0xfc, 0xff, 0xe0,
    0x2f, 0xf1, 0xff, 0xc0, 0xbf, 0xc3, 0xff, 0x82,
    0xff, 0x7, 0xff, 0x4b, 0xfc, 0xf, 0xff, 0x0,

    /* U+006C "l" */
    0xbf, 0xc2, 0xff, 0xb, 0xfc, 0x2f, 0xf0, 0xbf,
    0xc2, 0xff, 0xb, 0xfc, 0x2f, 0xf0, 0xbf, 0xc2,
    0xff, 0xb, 0xfc, 0x2f, 0xf0, 0xbf, 0xc2, 0xff,
    0xb, 0xfd, 0x2f, 0xfe, 0x7f, 0xf8, 0xff, 0xe0,
    0xbf, 0x80,

    /* U+006D "m" */
    0xbf, 0xdb, 0xfe, 0xb, 0xfd, 0xb, 0xff, 0xff,
    0xff, 0xff, 0xf8, 0xbf, 0xff, 0xff, 0xff, 0xff,
    0xcb, 0xff, 0xff, 0xff, 0xff, 0xfd, 0xbf, 0xd0,
    0xbf, 0xe0, 0x7f, 0xeb, 0xfc, 0x7, 0xfd, 0x3,
    0xfe, 0xbf, 0xc0, 0x7f, 0xd0, 0x3f, 0xeb, 0xfc,
    0x7, 0xfd, 0x3, 0xfe, 0xbf, 0xc0, 0x7f, 0xd0,
    0x3f, 0xeb, 0xfc, 0x7, 0xfd, 0x3, 0xfe, 0xbf,
    0xc0, 0x7f, 0xd0, 0x3f, 0xeb, 0xfc, 0x7, 0xfd,
    0x3, 0xfe, 0xbf, 0xc0, 0x7f, 0xd0, 0x3f, 0xeb,
    0xfc, 0x7, 0xfd, 0x3, 0xfe,

    /* U+006E "n" */
    0xbf, 0xd7, 0xfe, 0xb, 0xff, 0xff, 0xfc, 0xbf,
    0xff, 0xff, 0xeb, 0xff, 0xaf, 0xfe, 0xbf, 0xd0,
    0x3f, 0xfb, 0xfc, 0x3, 0xff, 0xbf, 0xc0, 0x3f,
    0xfb, 0xfc, 0x3, 0xff, 0xbf, 0xc0, 0x3f, 0xfb,
    0xfc, 0x3, 0xff, 0xbf, 0xc0, 0x3f, 0xfb, 0xfc,
    0x3, 0xff, 0xbf, 0xc0, 0x3f, 0xfb, 0xfc, 0x3,
    0xff,

    /* U+006F "o" */
    0x0, 0xbf, 0xf9, 0x0, 0x1f, 0xff, 0xff, 0x0,
    0xff, 0xff, 0xfe, 0xb, 0xff, 0xaf, 0xfc, 0x3f,
    0xf0, 0x1f, 0xf4, 0xff, 0x80, 0x3f, 0xe3, 0xfe,
    0x0, 0xff, 0x8f, 0xf8, 0x3, 0xfe, 0x3f, 0xe0,
    0xf, 0xf8, 0xff, 0xc0, 0x7f, 0xd2, 0xff, 0xeb,
    0xff, 0x3, 0xff, 0xff, 0xf8, 0x7, 0xff, 0xff,
    0xc0, 0x2, 0xff, 0xe4, 0x0,

    /* U+0070 "p" */
    0xbf, 0xdb, 0xfe, 0x2, 0xff, 0xff, 0xff, 0xb,
    0xff, 0xff, 0xfe, 0x2f, 0xfe, 0xbf, 0xfc, 0xbf,
    0xd0, 0x3f, 0xf2, 0xff, 0x0, 0xbf, 0xcb, 0xfc,
    0x2, 0xff, 0x6f, 0xf0, 0xb, 0xfd, 0xbf, 0xc0,
    0x2f, 0xf2, 0xff, 0x40, 0xff, 0xcb, 0xff, 0xaf,
    0xff, 0x2f, 0xff, 0xff, 0xf4, 0xbf, 0xff, 0xff,
    0xc2, 0xff, 0x6f, 0xf8, 0xb, 0xfd, 0x0, 0x0,
    0x2f, 0xf4, 0x0, 0x0, 0xbf, 0xd0, 0x0, 0x2,
    0xff, 0x40, 0x0, 0xb, 0xfd, 0x0, 0x0, 0x0,

    /* U+0071 "q" */
    0x1, 0xff, 0x8f, 0xf8, 0x2f, 0xff, 0xff, 0xe1,
    0xff, 0xff, 0xff, 0x8b, 0xff, 0xaf, 0xfe, 0x3f,
    0xf0, 0x1f, 0xf8, 0xff, 0xc0, 0x3f, 0xe3, 0xfe,
    0x0, 0xff, 0x8f, 0xf8, 0x3, 0xfe, 0x3f, 0xf0,
    0xf, 0xf8, 0xff, 0xc0, 0x7f, 0xe3, 0xff, 0xeb,
    0xff, 0x87, 0xff, 0xff, 0xfe, 0xf, 0xff, 0xff,
    0xf8, 0xb, 0xfe, 0x3f, 0xe0, 0x0, 0x0, 0xff,
    0x80, 0x0, 0x3, 0xfe, 0x0, 0x0, 0xf, 0xf8,
    0x0, 0x0, 0x3f, 0xe0, 0x0, 0x0, 0xff, 0x80,

    /* U+0072 "r" */
    0xbf, 0xd7, 0xcb, 0xfd, 0xfc, 0xbf, 0xff, 0xcb,
    0xff, 0xfc, 0xbf, 0xfd, 0x4b, 0xff, 0x0, 0xbf,
    0xd0, 0xb, 0xfd, 0x0, 0xbf, 0xd0, 0xb, 0xfd,
    0x0, 0xbf, 0xd0, 0xb, 0xfd, 0x0, 0xbf, 0xd0,
    0xb, 0xfd, 0x0,

    /* U+0073 "s" */
    0x7, 0xff, 0xe0, 0xff, 0xff, 0xcb, 0xff, 0xff,
    0x3f, 0xfa, 0xbc, 0xff, 0xc0, 0x2, 0xff, 0xf8,
    0x7, 0xff, 0xfd, 0x7, 0xff, 0xfc, 0x0, 0x7f,
    0xf4, 0x0, 0x3f, 0xdf, 0xeb, 0xff, 0x7f, 0xff,
    0xfc, 0xff, 0xff, 0xd2, 0xff, 0xf8, 0x0,

    /* U+0074 "t" */
    0xf, 0xf8, 0x0, 0xff, 0x80, 0xf, 0xf8, 0xb,
    0xff, 0xfc, 0xbf, 0xff, 0xcb, 0xff, 0xfc, 0xbf,
    0xfe, 0x80, 0xff, 0x80, 0xf, 0xf8, 0x0, 0xff,
    0x80, 0xf, 0xf8, 0x0, 0xff, 0x80, 0xf, 0xf8,
    0x0, 0xff, 0xe4, 0xf, 0xff, 0x80, 0x7f, 0xf8,
    0x1, 0xff, 0x80,

    /* U+0075 "u" */
    0xbf, 0xc0, 0x3f, 0xeb, 0xfc, 0x3, 0xfe, 0xbf,
    0xc0, 0x3f, 0xeb, 0xfc, 0x3, 0xfe, 0xbf, 0xc0,
    0x3f, 0xeb, 0xfc, 0x3, 0xfe, 0xbf, 0xc0, 0x3f,
    0xeb, 0xfc, 0x3, 0xfe, 0xbf, 0xc0, 0x3f, 0xeb,
    0xfd, 0x7, 0xfe, 0xbf, 0xff, 0xff, 0xe7, 0xff,
    0xff, 0xfe, 0x3f, 0xff, 0xff, 0xe0, 0xbf, 0xe3,
    0xfe,

    /* U+0076 "v" */
    0xff, 0xe0, 0xf, 0xfd, 0x7f, 0xf0, 0xf, 0xfc,
    0x3f, 0xf0, 0x1f, 0xf8, 0x3f, 0xf4, 0x2f, 0xf4,
    0x1f, 0xf8, 0x3f, 0xf0, 0xf, 0xfc, 0x3f, 0xe0,
    0xf, 0xfc, 0xbf, 0xc0, 0x7, 0xfd, 0xff, 0xc0,
    0x3, 0xfe, 0xff, 0x80, 0x2, 0xff, 0xff, 0x0,
    0x1, 0xff, 0xff, 0x0, 0x0, 0xff, 0xfd, 0x0,
    0x0, 0xbf, 0xfc, 0x0, 0x0, 0x7f, 0xfc, 0x0,

    /* U+0077 "w" */
    0xbf, 0xe0, 0x7f, 0xf0, 0x2f, 0xf5, 0xff, 0x81,
    0xff, 0xd0, 0xff, 0xc3, 0xff, 0xb, 0xff, 0x83,
    0xff, 0xf, 0xfc, 0x3f, 0xfe, 0xf, 0xf8, 0x2f,
    0xf4, 0xff, 0xfc, 0x7f, 0xd0, 0x3f, 0xd3, 0xff,
    0xf2, 0xff, 0x0, 0xff, 0x9f, 0xef, 0xdf, 0xfc,
    0x2, 0xff, 0xbf, 0x7f, 0x7f, 0xd0, 0x7, 0xff,
    0xfc, 0xfe, 0xff, 0x0, 0xf, 0xff, 0xe3, 0xff,
    0xfc, 0x0, 0x3f, 0xff, 0x8f, 0xff, 0xe0, 0x0,
    0xbf, 0xfd, 0x2f, 0xff, 0x40, 0x1, 0xff, 0xf0,
    0x7f, 0xfc, 0x0, 0x3, 0xff, 0xc0, 0xff, 0xf0,
    0x0,

    /* U+0078 "x" */
    0x7f, 0xf4, 0xf, 0xfe, 0xb, 0xff, 0x7, 0xff,
    0x0, 0xff, 0xd3, 0xff, 0x40, 0x1f, 0xfe, 0xff,
    0x80, 0x2, 0xff, 0xff, 0xc0, 0x0, 0x3f, 0xff,
    0xd0, 0x0, 0x7, 0xff, 0xf0, 0x0, 0x2, 0xff,
    0xfc, 0x0, 0x1, 0xff, 0xff, 0x80, 0x0, 0xff,
    0xff, 0xf4, 0x0, 0xbf, 0xf7, 0xff, 0x0, 0x3f,
    0xf0, 0xff, 0xe0, 0x3f, 0xf8, 0x1f, 0xfc, 0x2f,
    0xfc, 0x3, 0xff, 0xc0,

    /* U+0079 "y" */
    0xff, 0xd0, 0xf, 0xfd, 0x7f, 0xf0, 0xf, 0xfc,
    0x3f, 0xf0, 0x1f, 0xf8, 0x2f, 0xf4, 0x2f, 0xf0,
    0x1f, 0xf8, 0x3f, 0xf0, 0xf, 0xfc, 0x3f, 0xe0,
    0xb, 0xfc, 0x7f, 0xc0, 0x3, 0xfd, 0xbf, 0xc0,
    0x3, 0xff, 0xff, 0x40, 0x1, 0xff, 0xff, 0x0,
    0x0, 0xff, 0xfe, 0x0, 0x0, 0xbf, 0xfd, 0x0,
    0x0, 0x7f, 0xfc, 0x0, 0x0, 0x3f, 0xf8, 0x0,
    0x1, 0xbf, 0xf0, 0x0, 0xf, 0xff, 0xe0, 0x0,
    0xf, 0xff, 0xc0, 0x0, 0xf, 0xff, 0x0, 0x0,
    0xf, 0xe4, 0x0, 0x0,

    /* U+007A "z" */
    0x7f, 0xff, 0xff, 0x1f, 0xff, 0xff, 0xc7, 0xff,
    0xff, 0xf1, 0xff, 0xff, 0xfc, 0x0, 0x2f, 0xfd,
    0x0, 0x2f, 0xfd, 0x0, 0x2f, 0xfd, 0x0, 0x1f,
    0xfd, 0x0, 0x1f, 0xfd, 0x0, 0x1f, 0xfe, 0x0,
    0xb, 0xff, 0xff, 0xf6, 0xff, 0xff, 0xfd, 0xbf,
    0xff, 0xff, 0x6f, 0xff, 0xff, 0xd0,

    /* U+007B "{" */
    0x0, 0x1b, 0xd0, 0xf, 0xfd, 0x3, 0xff, 0xd0,
    0x7f, 0xe0, 0xb, 0xfc, 0x0, 0xbf, 0xc0, 0xb,
    0xfc, 0x0, 0xbf, 0xc0, 0xb, 0xfc, 0x0, 0xff,
    0xc0, 0xbf, 0xf4, 0xb, 0xf8, 0x0, 0xbf, 0xf0,
    0x1, 0xff, 0xc0, 0xb, 0xfc, 0x0, 0xbf, 0xc0,
    0xb, 0xfc, 0x0, 0xbf, 0xc0, 0xb, 0xfc, 0x0,
    0x7f, 0xc0, 0x7, 0xfe, 0x0, 0x3f, 0xfd, 0x0,
    0xff, 0xd0, 0x1, 0xbd,

    /* U+007C "|" */
    0xff, 0x3f, 0xcf, 0xf3, 0xfc, 0xff, 0x3f, 0xcf,
    0xf3, 0xfc, 0xff, 0x3f, 0xcf, 0xf3, 0xfc, 0xff,
    0x3f, 0xcf, 0xf3, 0xfc, 0xff, 0x3f, 0xcf, 0xf3,
    0xfc, 0xff, 0x3f, 0xcf, 0xf3, 0xfc,

    /* U+007D "}" */
    0xbe, 0x40, 0xb, 0xff, 0x0, 0xbf, 0xf8, 0x1,
    0xff, 0xc0, 0xb, 0xfc, 0x0, 0x7f, 0xd0, 0x7,
    0xfd, 0x0, 0x7f, 0xd0, 0x7, 0xfd, 0x0, 0x7f,
    0xe0, 0x2, 0xff, 0xc0, 0x7, 0xfc, 0x1, 0xff,
    0xc0, 0x3f, 0xf4, 0x7, 0xfd, 0x0, 0x7f, 0xd0,
    0x7, 0xfd, 0x0, 0x7f, 0xd0, 0x7, 0xfd, 0x0,
    0xbf, 0xc0, 0x1f, 0xfc, 0xb, 0xff, 0x80, 0xbf,
    0xe0, 0xb, 0xe4, 0x0,

    /* U+007E "~" */
    0x0, 0x50, 0x0, 0x0, 0x2f, 0xf8, 0xf, 0xc1,
    0xff, 0xfe, 0xbf, 0xf, 0xff, 0xff, 0xf8, 0x3f,
    0x4b, 0xff, 0xc0, 0xac, 0x6, 0xfc, 0x0,

    /* U+4EBA "人" */
    0x0, 0x0, 0x0, 0x0, 0x0, 0x0, 0x0, 0x0,
    0xf, 0xf4, 0x0, 0x0, 0x0, 0x0, 0xf, 0xf4,
    0x0, 0x0, 0x0, 0x0, 0xf, 0xf4, 0x0, 0x0,
    0x0, 0x0, 0xf, 0xf0, 0x0, 0x0, 0x0, 0x0,
    0xf, 0xf4, 0x0, 0x0, 0x0, 0x0, 0x1f, 0xf4,
    0x0, 0x0, 0x0, 0x0, 0x1f, 0xf8, 0x0, 0x0,
    0x0, 0x0, 0x2f, 0xfc, 0x0, 0x0, 0x0, 0x0,
    0x3f, 0xfc, 0x0, 0x0, 0x0, 0x0, 0x3f, 0xfd,
    0x0, 0x0, 0x0, 0x0, 0xbf, 0xff, 0x0, 0x0,
    0x0, 0x0, 0xff, 0xff, 0x40, 0x0, 0x0, 0x2,
    0xff, 0xff, 0xc0, 0x0, 0x0, 0x3, 0xff, 0x3f,
    0xe0, 0x0, 0x0, 0xf, 0xfd, 0x2f, 0xf4, 0x0,
    0x0, 0x2f, 0xfc, 0xf, 0xfd, 0x0, 0x0, 0xbf,
    0xf0, 0x7, 0xff, 0x40, 0x2, 0xff, 0xd0, 0x3,
    0xff, 0xd0, 0xf, 0xff, 0x80, 0x0, 0xff, 0xf8,
    0x3f, 0xfe, 0x0, 0x0, 0x3f, 0xfd, 0xf, 0xf8,
    0x0, 0x0, 0xf, 0xf4, 0x3, 0xe0, 0x0, 0x0,
    0x3, 0xd0, 0x1, 0x80, 0x0, 0x0, 0x0, 0x40,

    /* U+5668 "器" */
    0xf, 0xff, 0xfd, 0x3f, 0xff, 0xf0, 0x3, 0xff,
    0xff, 0x4f, 0xff, 0xfc, 0x0, 0xff, 0xff, 0xd3,
    0xff, 0xff, 0x0, 0x3f, 0x83, 0xf4, 0xfd, 0x1f,
    0xc0, 0xf, 0xe1, 0xfd, 0x3f, 0x47, 0xf0, 0x3,
    0xff, 0xff, 0x4f, 0xff, 0xfc, 0x0, 0xff, 0xff,
    0xd3, 0xff, 0xff, 0x0, 0x2a, 0xaa, 0xf4, 0xab,
    0xfe, 0x80, 0x0, 0x0, 0x3f, 0xd0, 0xbf, 0x0,
    0xf, 0xff, 0xff, 0xff, 0xff, 0xff, 0x3, 0xff,
    0xff, 0xff, 0xff, 0xff, 0xc0, 0xff, 0xff, 0xff,
    0xff, 0xff, 0xf0, 0x2, 0xff, 0xf4, 0x1f, 0xfe,
    0x0, 0x1f, 0xff, 0xe0, 0x0, 0xff, 0xff, 0x8b,
    0xff, 0xff, 0xd7, 0xff, 0xff, 0xf1, 0xff, 0xff,
    0xf5, 0xff, 0xff, 0xf8, 0x3f, 0xff, 0xfd, 0x7f,
    0xff, 0xfc, 0x6, 0xfd, 0x7f, 0x5f, 0xd7, 0xfd,
    0x0, 0x7f, 0xf, 0xd7, 0xf0, 0xfe, 0x0, 0x1f,
    0xff, 0xf5, 0xff, 0xff, 0x80, 0x7, 0xff, 0xfd,
    0x7f, 0xff, 0xe0, 0x1, 0xff, 0xff, 0x5f, 0xff,
    0xf8, 0x0,

    /* U+673A "机" */
    0x0, 0x0, 0x0, 0x0, 0x0, 0x0, 0x0, 0x3f,
    0x80, 0xff, 0xff, 0xf0, 0x0, 0xf, 0xe0, 0x3f,
    0xff, 0xfc, 0x0, 0x3, 0xf8, 0xf, 0xff, 0xff,
    0x0, 0x1f, 0xff, 0xf3, 0xff, 0xff, 0xc0, 0xb,
    0xff, 0xfc, 0xff, 0x5f, 0xf0, 0x2, 0xff, 0xff,
    0x3f, 0xc3, 0xfc, 0x0, 0xbf, 0xff, 0xcf, 0xf0,
    0xff, 0x0, 0x1, 0xfe, 0x3, 0xfc, 0x3f, 0xc0,
    0x0, 0xbf, 0x80, 0xff, 0xf, 0xf0, 0x0, 0x7f,
    0xe0, 0x3f, 0xc3, 0xfc, 0x0, 0x3f, 0xff, 0xcf,
    0xf0, 0xff, 0x0, 0x2f, 0xff, 0xff, 0xfc, 0x3f,
    0xc0, 0x1f, 0xff, 0xff, 0xff, 0xf, 0xf0, 0x7,
    0xff, 0xff, 0xff, 0xc3, 0xfc, 0x0, 0xfb, 0xf8,
    0x8f, 0xf0, 0xff, 0x14, 0x3c, 0xfe, 0x7, 0xf8,
    0x3f, 0xcb, 0xc, 0x3f, 0x82, 0xfe, 0xf, 0xf3,
    0xc0, 0xf, 0xe0, 0xff, 0x43, 0xfc, 0xf0, 0x3,
    0xf8, 0x7f, 0xd0, 0xff, 0xfc, 0x0, 0xfe, 0x3f,
    0xf0, 0x3f, 0xff, 0x0, 0x3f, 0x8f, 0xf8, 0xf,
    0xff, 0x80, 0xf, 0xe0, 0xfd, 0x1, 0xff, 0x80,
    0x3, 0xf8, 0xb, 0x0, 0x0, 0x0, 0x0, 0x0,
    0x0, 0x0, 0x0, 0x0, 0x0,

    /* U+F001 "" */
    0x0, 0x0, 0x0, 0x0, 0x0, 0x0, 0x0, 0x0,
    0x0, 0x0, 0x0, 0x0, 0x6d, 0x0, 0x0, 0x0,
    0x0, 0x2, 0xff, 0xf0, 0x0, 0x0, 0x0, 0x1b,
    0xff, 0xff, 0x0, 0x0, 0x0, 0x6f, 0xff, 0xff,
    0xf0, 0x0, 0x6, 0xff, 0xff, 0xff, 0xff, 0x0,
    0x2, 0xff, 0xff, 0xff, 0xff, 0xf0, 0x0, 0x3f,
    0xff, 0xff, 0xff, 0xff, 0x0, 0x3, 0xff, 0xff,
    0xff, 0x93, 0xf0, 0x0, 0x3f, 0xff, 0xf9, 0x0,
    0x3f, 0x0, 0x3, 0xff, 0xe4, 0x0, 0x3, 0xf0,
    0x0, 0x3f, 0x80, 0x0, 0x0, 0x3f, 0x0, 0x3,
    0xf0, 0x0, 0x0, 0x3, 0xf0, 0x0, 0x3f, 0x0,
    0x0, 0x0, 0x3f, 0x0, 0x3, 0xf0, 0x0, 0x0,
    0x3, 0xf0, 0x0, 0x3f, 0x0, 0x0, 0x0, 0x3f,
    0x0, 0x3, 0xf0, 0x0, 0x0, 0x7, 0xf0, 0x0,
    0x3f, 0x0, 0x0, 0xbf, 0xff, 0x0, 0x3, 0xf0,
    0x0, 0x3f, 0xff, 0xf0, 0x0, 0x3f, 0x0, 0x7,
    0xff, 0xff, 0x7, 0xff, 0xf0, 0x0, 0x7f, 0xff,
    0xf2, 0xff, 0xff, 0x0, 0x2, 0xff, 0xfd, 0x3f,
    0xff, 0xf0, 0x0, 0x7, 0xfe, 0x3, 0xff, 0xff,
    0x0, 0x0, 0x0, 0x0, 0x2f, 0xff, 0xe0, 0x0,
    0x0, 0x0, 0x0, 0x7f, 0xf4, 0x0, 0x0, 0x0,
    0x0, 0x0, 0x0, 0x0, 0x0, 0x0, 0x0, 0x0,

    /* U+F008 "" */
    0x50, 0x3f, 0xff, 0xff, 0xff, 0x41, 0x78, 0x1f,
    0xff, 0xff, 0xff, 0xe0, 0xbf, 0xff, 0xea, 0xaa,
    0xaa, 0xff, 0xff, 0xd6, 0xf0, 0x0, 0x0, 0x3e,
    0x5f, 0xe0, 0x3c, 0x0, 0x0, 0xf, 0x42, 0xf8,
    0xf, 0x0, 0x0, 0x3, 0xd0, 0xbf, 0xab, 0xc0,
    0x0, 0x0, 0xfe, 0xbf, 0xff, 0xf0, 0x0, 0x0,
    0x3f, 0xff, 0xe0, 0x7e, 0xaa, 0xaa, 0xaf, 0x82,
    0xf8, 0xf, 0xff, 0xff, 0xff, 0xd0, 0xbe, 0x7,
    0xff, 0xff, 0xff, 0xf4, 0x2f, 0xff, 0xf0, 0x0,
    0x0, 0x3f, 0xff, 0xff, 0xfc, 0x0, 0x0, 0xf,
    0xff, 0xf8, 0x1f, 0x0, 0x0, 0x3, 0xd0, 0xbe,
    0x3, 0xc0, 0x0, 0x0, 0xf4, 0x2f, 0x81, 0xf0,
    0x0, 0x0, 0x3e, 0xb, 0xff, 0xfe, 0x55, 0x55,
    0x5f, 0xff, 0xfd, 0x6f, 0xff, 0xff, 0xff, 0xe5,
    0xfa, 0x3, 0xff, 0xff, 0xff, 0xf4, 0x28,

    /* U+F00B "" */
    0x15, 0x50, 0x5, 0x55, 0x55, 0x55, 0x3f, 0xff,
    0xf, 0xff, 0xff, 0xff, 0xff, 0xff, 0xd3, 0xff,
    0xff, 0xff, 0xff, 0xff, 0xf4, 0xff, 0xff, 0xff,
    0xff, 0xff, 0xfd, 0x3f, 0xff, 0xff, 0xff, 0xff,
    0xff, 0x4f, 0xff, 0xff, 0xff, 0xfb, 0xff, 0xc3,
    0xff, 0xff, 0xff, 0xf8, 0x0, 0x0, 0x0, 0x0,
    0x0, 0x0, 0x15, 0x50, 0x5, 0x55, 0x55, 0x55,
    0x3f, 0xff, 0xf, 0xff, 0xff, 0xff, 0xff, 0xff,
    0xd3, 0xff, 0xff, 0xff, 0xff, 0xff, 0xf4, 0xff,
    0xff, 0xff, 0xff, 0xff, 0xfd, 0x3f, 0xff, 0xff,
    0xff, 0xff, 0xff, 0x4f, 0xff, 0xff, 0xff, 0xfb,
    0xff, 0xc3, 0xff, 0xff, 0xff, 0xf8, 0x0, 0x0,
    0x0, 0x0, 0x0, 0x0, 0xbf, 0xfc, 0x2f, 0xff,
    0xff, 0xff, 0xbf, 0xff, 0x4f, 0xff, 0xff, 0xff,
    0xff, 0xff, 0xd3, 0xff, 0xff, 0xff, 0xff, 0xff,
    0xf4, 0xff, 0xff, 0xff, 0xff, 0xff, 0xfd, 0x3f,
    0xff, 0xff, 0xff, 0xff, 0xff, 0xf, 0xff, 0xff,
    0xff, 0xf1, 0x55, 0x0, 0x55, 0x55, 0x55, 0x50,

    /* U+F00C "" */
    0x0, 0x0, 0x0, 0x0, 0x0, 0x28, 0x0, 0x0,
    0x0, 0x0, 0x0, 0x2f, 0x80, 0x0, 0x0, 0x0,
    0x0, 0x2f, 0xf8, 0x0, 0x0, 0x0, 0x0, 0x2f,
    0xff, 0x0, 0x0, 0x0, 0x0, 0x2f, 0xff, 0x40,
    0x0, 0x0, 0x0, 0x2f, 0xff, 0x40, 0x50, 0x0,
    0x0, 0x2f, 0xff, 0x40, 0x7d, 0x0, 0x0, 0x2f,
    0xff, 0x40, 0x7f, 0xd0, 0x0, 0x2f, 0xff, 0x40,
    0x3f, 0xfd, 0x0, 0x2f, 0xff, 0x40, 0xb, 0xff,
    0xd0, 0x2f, 0xff, 0x40, 0x0, 0xbf, 0xfd, 0x2f,
    0xff, 0x40, 0x0, 0xb, 0xff, 0xff, 0xff, 0x40,
    0x0, 0x0, 0xbf, 0xff, 0xff, 0x40, 0x0, 0x0,
    0xb, 0xff, 0xff, 0x40, 0x0, 0x0, 0x0, 0xbf,
    0xff, 0x40, 0x0, 0x0, 0x0, 0xb, 0xff, 0x40,
    0x0, 0x0, 0x0, 0x0, 0xbf, 0x40, 0x0, 0x0,
    0x0, 0x0, 0xb, 0x40, 0x0, 0x0, 0x0,

    /* U+F00D "" */
    0x1e, 0x0, 0x0, 0x2e, 0x7, 0xf8, 0x0, 0xb,
    0xf8, 0xff, 0xe0, 0x2, 0xff, 0xcb, 0xff, 0x80,
    0xbf, 0xfc, 0x3f, 0xfe, 0x2f, 0xff, 0x0, 0xff,
    0xff, 0xff, 0xc0, 0x3, 0xff, 0xff, 0xf0, 0x0,
    0xf, 0xff, 0xfc, 0x0, 0x0, 0x3f, 0xff, 0x0,
    0x0, 0xb, 0xff, 0xf8, 0x0, 0x2, 0xff, 0xff,
    0xe0, 0x0, 0xbf, 0xff, 0xff, 0x80, 0x2f, 0xff,
    0x3f, 0xfe, 0xb, 0xff, 0xc0, 0xff, 0xf8, 0xff,
    0xf0, 0x3, 0xff, 0xcb, 0xfc, 0x0, 0xf, 0xfc,
    0x2f, 0x0, 0x0, 0x2f, 0x0, 0x0, 0x0, 0x0,
    0x0,

    /* U+F011 "" */
    0x0, 0x0, 0x7, 0xe0, 0x0, 0x0, 0x0, 0x0,
    0x2, 0xfc, 0x0, 0x0, 0x0, 0x0, 0x40, 0xbf,
    0x0, 0x40, 0x0, 0x1, 0xf4, 0x2f, 0xc0, 0xf8,
    0x0, 0x1, 0xff, 0xb, 0xf0, 0x7f, 0xc0, 0x1,
    0xff, 0xc2, 0xfc, 0x1f, 0xf8, 0x0, 0xff, 0xc0,
    0xbf, 0x2, 0xff, 0x40, 0x7f, 0xc0, 0x2f, 0xc0,
    0x2f, 0xf0, 0x3f, 0xd0, 0xb, 0xf0, 0x3, 0xfd,
    0xf, 0xf0, 0x2, 0xfc, 0x0, 0x7f, 0x87, 0xf8,
    0x0, 0xbf, 0x0, 0xf, 0xf2, 0xfd, 0x0, 0x2f,
    0xc0, 0x3, 0xfc, 0xbf, 0x40, 0xb, 0xf0, 0x0,
    0xff, 0x2f, 0xd0, 0x2, 0xfc, 0x0, 0x3f, 0xcb,
    0xf4, 0x0, 0x0, 0x0, 0xf, 0xf1, 0xfe, 0x0,
    0x0, 0x0, 0x7, 0xfc, 0x3f, 0xc0, 0x0, 0x0,
    0x3, 0xfd, 0xb, 0xfc, 0x0, 0x0, 0x1, 0xff,
    0x0, 0xff, 0x80, 0x0, 0x1, 0xff, 0x80, 0x2f,
    0xf8, 0x0, 0x1, 0xff, 0xc0, 0x3, 0xff, 0xe4,
    0x1b, 0xff, 0xc0, 0x0, 0x3f, 0xff, 0xff, 0xff,
    0xd0, 0x0, 0x2, 0xff, 0xff, 0xff, 0xc0, 0x0,
    0x0, 0x1f, 0xff, 0xff, 0x40, 0x0, 0x0, 0x0,
    0x1a, 0xa9, 0x0, 0x0, 0x0,

    /* U+F013 "" */
    0x0, 0x0, 0x5, 0x54, 0x0, 0x0, 0x0, 0x0,
    0xb, 0xff, 0x80, 0x0, 0x0, 0x0, 0x2, 0xff,
    0xe0, 0x0, 0x0, 0x0, 0x0, 0xbf, 0xf8, 0x0,
    0x0, 0x1, 0x81, 0xff, 0xff, 0xd0, 0x90, 0x0,
    0xfe, 0xff, 0xff, 0xfe, 0xfd, 0x0, 0xff, 0xff,
    0xff, 0xff, 0xff, 0xc0, 0x7f, 0xff, 0xff, 0xff,
    0xff, 0xf4, 0x3f, 0xff, 0xff, 0xbf, 0xff, 0xff,
    0xf, 0xff, 0xfd, 0x1, 0xff, 0xff, 0xc0, 0x7f,
    0xfd, 0x0, 0x1f, 0xff, 0x40, 0xf, 0xff, 0x0,
    0x3, 0xff, 0xc0, 0x3, 0xff, 0x80, 0x0, 0xbf,
    0xf0, 0x0, 0xff, 0xe0, 0x0, 0x2f, 0xfc, 0x0,
    0x3f, 0xfc, 0x0, 0xf, 0xff, 0x0, 0xbf, 0xff,
    0xc0, 0xf, 0xff, 0xf8, 0x3f, 0xff, 0xfe, 0x6f,
    0xff, 0xff, 0xb, 0xff, 0xff, 0xff, 0xff, 0xff,
    0x80, 0xff, 0xff, 0xff, 0xff, 0xff, 0xc0, 0x1f,
    0xff, 0xff, 0xff, 0xff, 0xd0, 0x2, 0xd2, 0xff,
    0xff, 0xe1, 0xe0, 0x0, 0x0, 0xf, 0xff, 0xc0,
    0x0, 0x0, 0x0, 0x2, 0xff, 0xe0, 0x0, 0x0,
    0x0, 0x0, 0xbf, 0xf8, 0x0, 0x0, 0x0, 0x0,
    0xa, 0xa8, 0x0, 0x0, 0x0, 0x0, 0x0, 0x0,
    0x0, 0x0, 0x0,

    /* U+F015 "" */
    0x0, 0x0, 0x0, 0x0, 0x0, 0x0, 0x0, 0x0,
    0x0, 0x0, 0x1f, 0x80, 0x3f, 0xc0, 0x0, 0x0,
    0x0, 0x2f, 0xf8, 0xf, 0xf0, 0x0, 0x0, 0x0,
    0x3f, 0xff, 0xc3, 0xfc, 0x0, 0x0, 0x0, 0x7f,
    0xeb, 0xfd, 0xff, 0x0, 0x0, 0x0, 0x7f, 0xe0,
    0x7f, 0xff, 0xc0, 0x0, 0x0, 0xbf, 0xd1, 0x47,
    0xff, 0xf0, 0x0, 0x0, 0xbf, 0xc1, 0xf8, 0x3f,
    0xfc, 0x0, 0x0, 0xff, 0xc2, 0xff, 0x82, 0xff,
    0x0, 0x1, 0xff, 0x83, 0xff, 0xfc, 0x2f, 0xf4,
    0x1, 0xff, 0x43, 0xff, 0xff, 0xd1, 0xff, 0x82,
    0xff, 0x47, 0xff, 0xff, 0xfd, 0xf, 0xf8, 0xff,
    0xb, 0xff, 0xff, 0xff, 0xe0, 0xff, 0xf, 0xb,
    0xff, 0xff, 0xff, 0xff, 0xb, 0x0, 0x7, 0xff,
    0xff, 0xff, 0xff, 0xd0, 0x0, 0x1, 0xff, 0xff,
    0xff, 0xff, 0xf4, 0x0, 0x0, 0x7f, 0xff, 0xaa,
    0xff, 0xfd, 0x0, 0x0, 0x1f, 0xff, 0x80, 0x2f,
    0xff, 0x40, 0x0, 0x7, 0xff, 0xe0, 0xb, 0xff,
    0xd0, 0x0, 0x1, 0xff, 0xf8, 0x2, 0xff, 0xf4,
    0x0, 0x0, 0x7f, 0xfe, 0x0, 0xbf, 0xfd, 0x0,
    0x0, 0x1f, 0xff, 0x80, 0x2f, 0xff, 0x40, 0x0,
    0x2, 0xff, 0xd0, 0x7, 0xff, 0xc0, 0x0,

    /* U+F019 "" */
    0x0, 0x0, 0xa, 0xa8, 0x0, 0x0, 0x0, 0x0,
    0xb, 0xff, 0x80, 0x0, 0x0, 0x0, 0x2, 0xff,
    0xe0, 0x0, 0x0, 0x0, 0x0, 0xbf, 0xf8, 0x0,
    0x0, 0x0, 0x0, 0x2f, 0xfe, 0x0, 0x0, 0x0,
    0x0, 0xb, 0xff, 0x80, 0x0, 0x0, 0x0, 0x2,
    0xff, 0xe0, 0x0, 0x0, 0x0, 0x0, 0xbf, 0xf8,
    0x0, 0x0, 0x0, 0x0, 0x2f, 0xfe, 0x0, 0x0,
    0x0, 0x5, 0x5f, 0xff, 0xd5, 0x40, 0x0, 0xf,
    0xff, 0xff, 0xff, 0xfc, 0x0, 0x1, 0xff, 0xff,
    0xff, 0xfd, 0x0, 0x0, 0x1f, 0xff, 0xff, 0xfd,
    0x0, 0x0, 0x1, 0xff, 0xff, 0xfd, 0x0, 0x0,
    0x0, 0x1f, 0xff, 0xfd, 0x0, 0x0, 0x0, 0x1,
    0xff, 0xfd, 0x0, 0x0, 0x0, 0x0, 0x1f, 0xfd,
    0x0, 0x0, 0x1a, 0xaa, 0x91, 0xfd, 0x1a, 0xaa,
    0x9f, 0xff, 0xfd, 0x1d, 0x1f, 0xff, 0xff, 0xff,
    0xff, 0xe0, 0x1f, 0xff, 0xff, 0xff, 0xff, 0xff,
    0xbf, 0xff, 0xff, 0xff, 0xff, 0xff, 0xff, 0xff,
    0xff, 0xff, 0xff, 0xff, 0xff, 0xfc, 0x34, 0xff,
    0xff, 0xff, 0xff, 0xff, 0x5e, 0x7f, 0xff, 0xff,
    0xff, 0xff, 0xff, 0xff, 0xc0, 0x0, 0x0, 0x0,
    0x0, 0x0, 0x0,

    /* U+F01C "" */
    0x0, 0xb, 0xff, 0xff, 0xff, 0xe0, 0x0, 0x0,
    0xb, 0xff, 0xff, 0xff, 0xff, 0x0, 0x0, 0x7,
    0xff, 0xff, 0xff, 0xff, 0xd0, 0x0, 0x3, 0xf8,
    0x0, 0x0, 0x2, 0xfc, 0x0, 0x2, 0xfc, 0x0,
    0x0, 0x0, 0x3f, 0xc0, 0x1, 0xfd, 0x0, 0x0,
    0x0, 0x7, 0xf4, 0x0, 0xff, 0x0, 0x0, 0x0,
    0x0, 0xbf, 0x0, 0xbf, 0x0, 0x0, 0x0, 0x0,
    0xf, 0xf0, 0x7f, 0x40, 0x0, 0x0, 0x0, 0x1,
    0xfd, 0x3f, 0xd5, 0x54, 0x0, 0x1, 0x55, 0x7f,
    0xcf, 0xff, 0xff, 0x0, 0x0, 0xff, 0xff, 0xf3,
    0xff, 0xff, 0xe0, 0x0, 0xbf, 0xff, 0xfc, 0xff,
    0xff, 0xfd, 0x55, 0x7f, 0xff, 0xff, 0x3f, 0xff,
    0xff, 0xff, 0xff, 0xff, 0xff, 0xcf, 0xff, 0xff,
    0xff, 0xff, 0xff, 0xff, 0xf3, 0xff, 0xff, 0xff,
    0xff, 0xff, 0xff, 0xfc, 0xff, 0xff, 0xff, 0xff,
    0xff, 0xff, 0xff, 0x3f, 0xff, 0xff, 0xff, 0xff,
    0xff, 0xff, 0xc3, 0xff, 0xff, 0xff, 0xff, 0xff,
    0xff, 0xc0,

    /* U+F021 "" */
    0x0, 0x0, 0x5, 0x50, 0x0, 0x1f, 0xc0, 0x0,
    0x7f, 0xff, 0xe0, 0x7, 0xf0, 0x0, 0xff, 0xff,
    0xff, 0x81, 0xfc, 0x1, 0xff, 0xff, 0xff, 0xfd,
    0x7f, 0x1, 0xff, 0xe4, 0x6, 0xff, 0xef, 0xc0,
    0xff, 0xc0, 0x0, 0xf, 0xff, 0xf0, 0xff, 0x80,
    0x0, 0x0, 0xbf, 0xfc, 0x7f, 0x80, 0x0, 0x15,
    0x4f, 0xff, 0x3f, 0xc0, 0x0, 0xf, 0xff, 0xff,
    0xcf, 0xe0, 0x0, 0x3, 0xff, 0xff, 0xf7, 0xf0,
    0x0, 0x0, 0xff, 0xff, 0xfc, 0x0, 0x0, 0x0,
    0x0, 0x0, 0x0, 0x0, 0x0, 0x0, 0x0, 0x0,
    0x0, 0x0, 0x0, 0x0, 0x0, 0x0, 0x0, 0xf,
    0xff, 0xff, 0xc0, 0x0, 0x3, 0xf7, 0xff, 0xff,
    0xf0, 0x0, 0x2, 0xfc, 0xff, 0xff, 0xfc, 0x0,
    0x0, 0xff, 0x3f, 0xfd, 0x55, 0x0, 0x0, 0xbf,
    0x4f, 0xff, 0x40, 0x0, 0x0, 0xbf, 0xc3, 0xff,
    0xf8, 0x0, 0x0, 0xbf, 0xd0, 0xff, 0xff, 0xe0,
    0x1, 0xff, 0xe0, 0x3f, 0x6f, 0xff, 0xff, 0xff,
    0xe0, 0xf, 0xd1, 0xff, 0xff, 0xff, 0xd0, 0x3,
    0xf4, 0x7, 0xff, 0xff, 0x80, 0x0, 0xfd, 0x0,
    0x6, 0xa5, 0x0, 0x0, 0x0,

    /* U+F026 "" */
    0x0, 0x0, 0x6, 0x0, 0x0, 0x7, 0xd0, 0x0,
    0x7, 0xf8, 0x0, 0x7, 0xfe, 0x0, 0x7, 0xff,
    0xaf, 0xff, 0xff, 0xef, 0xff, 0xff, 0xfb, 0xff,
    0xff, 0xfe, 0xff, 0xff, 0xff, 0xbf, 0xff, 0xff,
    0xef, 0xff, 0xff, 0xfb, 0xff, 0xff, 0xfe, 0xff,
    0xff, 0xff, 0xbf, 0xff, 0xff, 0xe1, 0x55, 0xbf,
    0xf8, 0x0, 0xb, 0xfe, 0x0, 0x0, 0xbf, 0x80,
    0x0, 0xb, 0xd0, 0x0, 0x0, 0xb0, 0x0, 0x0,
    0x0,

    /* U+F027 "" */
    0x0, 0x0, 0x6, 0x0, 0x0, 0x0, 0x0, 0x7d,
    0x0, 0x0, 0x0, 0x7, 0xf8, 0x0, 0x0, 0x0,
    0x7f, 0xe0, 0x0, 0x0, 0x7, 0xff, 0x80, 0x2,
    0xff, 0xff, 0xfe, 0x0, 0xf, 0xff, 0xff, 0xf8,
    0x3d, 0x3f, 0xff, 0xff, 0xe0, 0xfc, 0xff, 0xff,
    0xff, 0x80, 0xfb, 0xff, 0xff, 0xfe, 0x2, 0xef,
    0xff, 0xff, 0xf8, 0xf, 0xbf, 0xff, 0xff, 0xe0,
    0xbd, 0xff, 0xff, 0xff, 0x83, 0xe3, 0xff, 0xff,
    0xfe, 0x5, 0x1, 0x55, 0xbf, 0xf8, 0x0, 0x0,
    0x0, 0xbf, 0xe0, 0x0, 0x0, 0x0, 0xbf, 0x80,
    0x0, 0x0, 0x0, 0xbd, 0x0, 0x0, 0x0, 0x0,
    0xb0, 0x0, 0x0, 0x0, 0x0, 0x0, 0x0,

    /* U+F028 "" */
    0x0, 0x0, 0x0, 0x0, 0x0, 0x0, 0x0, 0x0,
    0x0, 0x0, 0x0, 0x0, 0x2d, 0x0, 0x0, 0x0,
    0x0, 0x0, 0x0, 0xf, 0xe0, 0x0, 0x0, 0x0,
    0x18, 0x0, 0x0, 0xfe, 0x0, 0x0, 0x0, 0x1f,
    0x40, 0x0, 0xb, 0xd0, 0x0, 0x0, 0x1f, 0xe0,
    0x7, 0xc0, 0xfc, 0x0, 0x0, 0x1f, 0xf8, 0x1,
    0xfc, 0xf, 0x80, 0x0, 0x1f, 0xfe, 0x0, 0x1f,
    0xc1, 0xf0, 0xbf, 0xff, 0xff, 0x80, 0x1, 0xf4,
    0x3d, 0x3f, 0xff, 0xff, 0xe0, 0xf4, 0x2f, 0xb,
    0xcf, 0xff, 0xff, 0xf8, 0x3f, 0x7, 0xc1, 0xf3,
    0xff, 0xff, 0xfe, 0x3, 0xe0, 0xf4, 0x7c, 0xff,
    0xff, 0xff, 0x80, 0xb8, 0x3d, 0xf, 0x3f, 0xff,
    0xff, 0xe0, 0x3e, 0xf, 0x47, 0xcf, 0xff, 0xff,
    0xf8, 0x2f, 0x43, 0xc1, 0xf3, 0xff, 0xff, 0xfe,
    0xf, 0x82, 0xf0, 0xbc, 0xff, 0xff, 0xff, 0x81,
    0x40, 0xf8, 0x3e, 0x5, 0x56, 0xff, 0xe0, 0x0,
    0xfc, 0x1f, 0x0, 0x0, 0x2f, 0xf8, 0x0, 0xfc,
    0xf, 0xc0, 0x0, 0x2, 0xfe, 0x0, 0x7c, 0xb,
    0xd0, 0x0, 0x0, 0x2f, 0x40, 0x4, 0x7, 0xe0,
    0x0, 0x0, 0x2, 0xc0, 0x0, 0xb, 0xf0, 0x0,
    0x0, 0x0, 0x0, 0x0, 0xb, 0xf0, 0x0, 0x0,
    0x0, 0x0, 0x0, 0x3, 0xe0, 0x0, 0x0, 0x0,
    0x0, 0x0, 0x0, 0x10, 0x0, 0x0,

    /* U+F03E "" */
    0x2b, 0xff, 0xff, 0xff, 0xff, 0xfa, 0x2f, 0xff,
    0xff, 0xff, 0xff, 0xff, 0xef, 0xff, 0xff, 0xff,
    0xff, 0xff, 0xff, 0xfc, 0xf, 0xff, 0xff, 0xff,
    0xff, 0xfc, 0x0, 0xff, 0xff, 0xff, 0xff, 0xff,
    0x0, 0x3f, 0xff, 0xff, 0xff, 0xff, 0xc0, 0xf,
    0xff, 0xf4, 0xff, 0xff, 0xf4, 0xb, 0xff, 0xf4,
    0xf, 0xff, 0xff, 0xef, 0xff, 0xf4, 0x0, 0xff,
    0xff, 0xff, 0xff, 0xf4, 0x0, 0xf, 0xff, 0xff,
    0xf, 0xf4, 0x0, 0x0, 0xff, 0xff, 0x0, 0xf4,
    0x0, 0x0, 0x3f, 0xff, 0x0, 0x4, 0x0, 0x0,
    0xf, 0xff, 0x40, 0x0, 0x0, 0x0, 0x3, 0xff,
    0xc0, 0x0, 0x0, 0x0, 0x0, 0xff, 0xf0, 0x0,
    0x0, 0x0, 0x0, 0x3f, 0xff, 0xff, 0xff, 0xff,
    0xff, 0xff, 0xff, 0xff, 0xff, 0xff, 0xff, 0xff,
    0xf3, 0xff, 0xff, 0xff, 0xff, 0xff, 0xf0,

    /* U+F043 "" */
    0x0, 0x1, 0xe0, 0x0, 0x0, 0x0, 0x3f, 0x0,
    0x0, 0x0, 0x7, 0xf4, 0x0, 0x0, 0x0, 0xbf,
    0xc0, 0x0, 0x0, 0xf, 0xfd, 0x0, 0x0, 0x2,
    0xff, 0xf0, 0x0, 0x0, 0x3f, 0xff, 0x40, 0x0,
    0xf, 0xff, 0xfc, 0x0, 0x1, 0xff, 0xff, 0xe0,
    0x0, 0x3f, 0xff, 0xff, 0x40, 0xf, 0xff, 0xff,
    0xfc, 0x1, 0xff, 0xff, 0xff, 0xe0, 0x3f, 0xff,
    0xff, 0xff, 0x7, 0xff, 0xff, 0xff, 0xf8, 0xbf,
    0xff, 0xff, 0xff, 0xcf, 0xff, 0xff, 0xff, 0xfc,
    0xfc, 0x7f, 0xff, 0xff, 0xcf, 0xc3, 0xff, 0xff,
    0xfc, 0xbe, 0x3f, 0xff, 0xff, 0xc7, 0xf0, 0xff,
    0xff, 0xf8, 0x3f, 0xc1, 0x7f, 0xff, 0x1, 0xff,
    0x43, 0xff, 0xe0, 0xb, 0xff, 0xff, 0xf8, 0x0,
    0x1f, 0xff, 0xfe, 0x0, 0x0, 0x2f, 0xfe, 0x0,
    0x0, 0x0, 0x0, 0x0, 0x0,

    /* U+F048 "" */
    0x0, 0x0, 0x0, 0x0, 0xfe, 0x0, 0x0, 0x3d,
    0xfe, 0x0, 0x0, 0xfe, 0xfe, 0x0, 0x7, 0xfe,
    0xfe, 0x0, 0x1f, 0xfe, 0xfe, 0x0, 0x7f, 0xfe,
    0xfe, 0x2, 0xff, 0xfe, 0xfe, 0xb, 0xff, 0xfe,
    0xfe, 0x2f, 0xff, 0xfe, 0xfe, 0xbf, 0xff, 0xfe,
    0xff, 0xff, 0xff, 0xfe, 0xff, 0xff, 0xff, 0xfe,
    0xff, 0xff, 0xff, 0xfe, 0xff, 0xff, 0xff, 0xfe,
    0xfe, 0x7f, 0xff, 0xfe, 0xfe, 0x1f, 0xff, 0xfe,
    0xfe, 0x7, 0xff, 0xfe, 0xfe, 0x1, 0xff, 0xfe,
    0xfe, 0x0, 0x3f, 0xfe, 0xfe, 0x0, 0xf, 0xfe,
    0xfe, 0x0, 0x3, 0xfe, 0xfe, 0x0, 0x0, 0xfe,
    0xbd, 0x0, 0x0, 0x28, 0x0, 0x0, 0x0, 0x0,

    /* U+F04B "" */
    0x0, 0x0, 0x0, 0x0, 0x0, 0x2, 0xe0, 0x0,
    0x0, 0x0, 0x0, 0xff, 0xd0, 0x0, 0x0, 0x0,
    0xf, 0xff, 0xc0, 0x0, 0x0, 0x0, 0xff, 0xff,
    0x80, 0x0, 0x0, 0xf, 0xff, 0xff, 0x40, 0x0,
    0x0, 0xff, 0xff, 0xff, 0x0, 0x0, 0xf, 0xff,
    0xff, 0xfe, 0x0, 0x0, 0xff, 0xff, 0xff, 0xfd,
    0x0, 0xf, 0xff, 0xff, 0xff, 0xfd, 0x0, 0xff,
    0xff, 0xff, 0xff, 0xf8, 0xf, 0xff, 0xff, 0xff,
    0xff, 0xf4, 0xff, 0xff, 0xff, 0xff, 0xff, 0xef,
    0xff, 0xff, 0xff, 0xff, 0xff, 0xff, 0xff, 0xff,
    0xff, 0xff, 0xef, 0xff, 0xff, 0xff, 0xff, 0xf8,
    0xff, 0xff, 0xff, 0xff, 0xfd, 0xf, 0xff, 0xff,
    0xff, 0xfe, 0x0, 0xff, 0xff, 0xff, 0xfe, 0x0,
    0xf, 0xff, 0xff, 0xff, 0x40, 0x0, 0xff, 0xff,
    0xff, 0x40, 0x0, 0xf, 0xff, 0xff, 0x80, 0x0,
    0x0, 0xff, 0xff, 0xc0, 0x0, 0x0, 0xf, 0xff,
    0xd0, 0x0, 0x0, 0x0, 0xff, 0xe0, 0x0, 0x0,
    0x0, 0x7, 0xf0, 0x0, 0x0, 0x0, 0x0, 0x0,
    0x0, 0x0, 0x0, 0x0, 0x0,

    /* U+F04C "" */
    0x0, 0x0, 0x0, 0x0, 0x0, 0x3, 0xff, 0xf8,
    0x2, 0xff, 0xfc, 0xff, 0xff, 0xc0, 0x7f, 0xff,
    0xff, 0xff, 0xfd, 0x7, 0xff, 0xff, 0xff, 0xff,
    0xd0, 0x7f, 0xff, 0xff, 0xff, 0xfd, 0x7, 0xff,
    0xff, 0xff, 0xff, 0xd0, 0x7f, 0xff, 0xff, 0xff,
    0xfd, 0x7, 0xff, 0xff, 0xff, 0xff, 0xd0, 0x7f,
    0xff, 0xff, 0xff, 0xfd, 0x7, 0xff, 0xff, 0xff,
    0xff, 0xd0, 0x7f, 0xff, 0xff, 0xff, 0xfd, 0x7,
    0xff, 0xff, 0xff, 0xff, 0xd0, 0x7f, 0xff, 0xff,
    0xff, 0xfd, 0x7, 0xff, 0xff, 0xff, 0xff, 0xd0,
    0x7f, 0xff, 0xff, 0xff, 0xfd, 0x7, 0xff, 0xff,
    0xff, 0xff, 0xd0, 0x7f, 0xff, 0xff, 0xff, 0xfd,
    0x7, 0xff, 0xff, 0xff, 0xff, 0xd0, 0x7f, 0xff,
    0xff, 0xff, 0xfd, 0x7, 0xff, 0xff, 0xff, 0xff,
    0xd0, 0x7f, 0xff, 0xfb, 0xff, 0xfc, 0x3, 0xff,
    0xfe, 0x2a, 0xaa, 0x0, 0xa, 0xaa, 0x40,

    /* U+F04D "" */
    0x0, 0x0, 0x0, 0x0, 0x0, 0x3, 0xff, 0xff,
    0xff, 0xff, 0xfc, 0xff, 0xff, 0xff, 0xff, 0xff,
    0xef, 0xff, 0xff, 0xff, 0xff, 0xff, 0xff, 0xff,
    0xff, 0xff, 0xff, 0xff, 0xff, 0xff, 0xff, 0xff,
    0xff, 0xff, 0xff, 0xff, 0xff, 0xff, 0xff, 0xff,
    0xff, 0xff, 0xff, 0xff, 0xff, 0xff, 0xff, 0xff,
    0xff, 0xff, 0xff, 0xff, 0xff, 0xff, 0xff, 0xff,
    0xff, 0xff, 0xff, 0xff, 0xff, 0xff, 0xff, 0xff,
    0xff, 0xff, 0xff, 0xff, 0xff, 0xff, 0xff, 0xff,
    0xff, 0xff, 0xff, 0xff, 0xff, 0xff, 0xff, 0xff,
    0xff, 0xff, 0xff, 0xff, 0xff, 0xff, 0xff, 0xff,
    0xff, 0xff, 0xff, 0xff, 0xff, 0xff, 0xff, 0xff,
    0xff, 0xff, 0xff, 0xff, 0xff, 0xff, 0xff, 0xff,
    0xff, 0xff, 0xff, 0xff, 0xff, 0xff, 0xff, 0xff,
    0xff, 0xff, 0xff, 0xfb, 0xff, 0xff, 0xff, 0xff,
    0xfe, 0x2f, 0xff, 0xff, 0xff, 0xff, 0x80,

    /* U+F051 "" */
    0x0, 0x0, 0x0, 0x0, 0xb, 0x80, 0x0, 0xf,
    0xe3, 0xfc, 0x0, 0x3, 0xf8, 0xff, 0xc0, 0x0,
    0xfe, 0x3f, 0xfc, 0x0, 0x3f, 0x8f, 0xff, 0xc0,
    0xf, 0xe3, 0xff, 0xfd, 0x3, 0xf8, 0xff, 0xff,
    0xd0, 0xfe, 0x3f, 0xff, 0xfd, 0x3f, 0x8f, 0xff,
    0xff, 0xdf, 0xe3, 0xff, 0xff, 0xff, 0xf8, 0xff,
    0xff, 0xff, 0xfe, 0x3f, 0xff, 0xff, 0xff, 0x8f,
    0xff, 0xff, 0xff, 0xe3, 0xff, 0xff, 0xf3, 0xf8,
    0xff, 0xff, 0xf0, 0xfe, 0x3f, 0xff, 0xf0, 0x3f,
    0x8f, 0xff, 0xf0, 0xf, 0xe3, 0xff, 0xe0, 0x3,
    0xf8, 0xff, 0xe0, 0x0, 0xfe, 0x3f, 0xe0, 0x0,
    0x3f, 0x8f, 0xe0, 0x0, 0xf, 0xe1, 0xd0, 0x0,
    0x2, 0xf4, 0x0, 0x0, 0x0, 0x0,

    /* U+F052 "" */
    0x0, 0x0, 0x0, 0x0, 0x0, 0x0, 0x0, 0x0,
    0xb, 0xd0, 0x0, 0x0, 0x0, 0x0, 0x2f, 0xf4,
    0x0, 0x0, 0x0, 0x0, 0x7f, 0xfd, 0x0, 0x0,
    0x0, 0x1, 0xff, 0xff, 0x40, 0x0, 0x0, 0x7,
    0xff, 0xff, 0xc0, 0x0, 0x0, 0xf, 0xff, 0xff,
    0xf0, 0x0, 0x0, 0x3f, 0xff, 0xff, 0xfc, 0x0,
    0x0, 0xff, 0xff, 0xff, 0xff, 0x0, 0x3, 0xff,
    0xff, 0xff, 0xff, 0xc0, 0xf, 0xff, 0xff, 0xff,
    0xff, 0xe0, 0x2f, 0xff, 0xff, 0xff, 0xff, 0xf8,
    0x3f, 0xff, 0xff, 0xff, 0xff, 0xfc, 0x3f, 0xff,
    0xff, 0xff, 0xff, 0xf8, 0xf, 0xff, 0xff, 0xff,
    0xff, 0xe0, 0x0, 0x0, 0x0, 0x0, 0x0, 0x0,
    0x1f, 0xff, 0xff, 0xff, 0xff, 0xf4, 0x3f, 0xff,
    0xff, 0xff, 0xff, 0xfc, 0x3f, 0xff, 0xff, 0xff,
    0xff, 0xfc, 0x3f, 0xff, 0xff, 0xff, 0xff, 0xfc,
    0x3f, 0xff, 0xff, 0xff, 0xff, 0xfc, 0x3f, 0xff,
    0xff, 0xff, 0xff, 0xf8, 0x5, 0x55, 0x55, 0x55,
    0x55, 0x50,

    /* U+F053 "" */
    0x0, 0x0, 0x0, 0x0, 0x0, 0x0, 0xf0, 0x0,
    0x0, 0x3f, 0xc0, 0x0, 0xf, 0xfc, 0x0, 0x3,
    0xff, 0x80, 0x0, 0xff, 0xe0, 0x0, 0x3f, 0xf8,
    0x0, 0xf, 0xfe, 0x0, 0x3, 0xff, 0x80, 0x0,
    0xff, 0xe0, 0x0, 0x3f, 0xf8, 0x0, 0xb, 0xfe,
    0x0, 0x0, 0x7f, 0xf4, 0x0, 0x1, 0xff, 0xd0,
    0x0, 0x7, 0xff, 0x40, 0x0, 0x1f, 0xfd, 0x0,
    0x0, 0x7f, 0xf4, 0x0, 0x1, 0xff, 0xd0, 0x0,
    0x7, 0xff, 0x40, 0x0, 0x1f, 0xfc, 0x0, 0x0,
    0x7f, 0xc0, 0x0, 0x1, 0xf4, 0x0, 0x0, 0x0,
    0x0,

    /* U+F054 "" */
    0x0, 0x0, 0x0, 0x1, 0xe0, 0x0, 0x0, 0x7f,
    0x80, 0x0, 0xb, 0xfe, 0x0, 0x0, 0x3f, 0xf8,
    0x0, 0x0, 0xff, 0xe0, 0x0, 0x3, 0xff, 0x80,
    0x0, 0xf, 0xfe, 0x0, 0x0, 0x3f, 0xf8, 0x0,
    0x0, 0xff, 0xe0, 0x0, 0x3, 0xff, 0x80, 0x0,
    0xf, 0xfc, 0x0, 0x2, 0xff, 0xc0, 0x0, 0xbf,
    0xf0, 0x0, 0x2f, 0xfc, 0x0, 0xb, 0xff, 0x0,
    0x2, 0xff, 0xc0, 0x0, 0xbf, 0xf0, 0x0, 0x2f,
    0xfc, 0x0, 0x7, 0xff, 0x0, 0x0, 0x7f, 0xc0,
    0x0, 0x2, 0xf0, 0x0, 0x0, 0x0, 0x0, 0x0,
    0x0,

    /* U+F067 "" */
    0x0, 0x0, 0x0, 0x0, 0x0, 0x0, 0x0, 0x3,
    0xfc, 0x0, 0x0, 0x0, 0x0, 0x7f, 0xd0, 0x0,
    0x0, 0x0, 0x7, 0xfd, 0x0, 0x0, 0x0, 0x0,
    0x7f, 0xd0, 0x0, 0x0, 0x0, 0x7, 0xfd, 0x0,
    0x0, 0x0, 0x0, 0x7f, 0xd0, 0x0, 0x0, 0x0,
    0x7, 0xfd, 0x0, 0x0, 0x0, 0x0, 0x7f, 0xd0,
    0x0, 0x2, 0xaa, 0xab, 0xfe, 0xaa, 0xa4, 0xff,
    0xff, 0xff, 0xff, 0xff, 0xef, 0xff, 0xff, 0xff,
    0xff, 0xff, 0xff, 0xff, 0xff, 0xff, 0xff, 0xfb,
    0xff, 0xff, 0xff, 0xff, 0xfd, 0x0, 0x0, 0x7f,
    0xd0, 0x0, 0x0, 0x0, 0x7, 0xfd, 0x0, 0x0,
    0x0, 0x0, 0x7f, 0xd0, 0x0, 0x0, 0x0, 0x7,
    0xfd, 0x0, 0x0, 0x0, 0x0, 0x7f, 0xd0, 0x0,
    0x0, 0x0, 0x7, 0xfd, 0x0, 0x0, 0x0, 0x0,
    0x7f, 0xd0, 0x0, 0x0, 0x0, 0x7, 0xfc, 0x0,
    0x0, 0x0, 0x0, 0x2a, 0x40, 0x0, 0x0,

    /* U+F068 "" */
    0x6a, 0xaa, 0xaa, 0xaa, 0xaa, 0x8f, 0xff, 0xff,
    0xff, 0xff, 0xff, 0xff, 0xff, 0xff, 0xff, 0xff,
    0xff, 0xff, 0xff, 0xff, 0xff, 0xff, 0x7f, 0xff,
    0xff, 0xff, 0xff, 0xd0,

    /* U+F06E "" */
    0x0, 0x0, 0x6, 0xbf, 0x90, 0x0, 0x0, 0x0,
    0x0, 0x7f, 0xff, 0xff, 0xd0, 0x0, 0x0, 0x0,
    0xff, 0xfa, 0xaf, 0xff, 0x40, 0x0, 0x1, 0xff,
    0xd0, 0x0, 0x7f, 0xf8, 0x0, 0x2, 0xff, 0xc0,
    0x0, 0x3, 0xff, 0x80, 0x2, 0xff, 0xd0, 0xf,
    0xd0, 0x3f, 0xf8, 0x1, 0xff, 0xe0, 0x2, 0xfe,
    0xb, 0xff, 0x40, 0xff, 0xf4, 0x0, 0xff, 0xc0,
    0xff, 0xf0, 0xbf, 0xfc, 0x1, 0xff, 0xf8, 0x3f,
    0xff, 0x3f, 0xff, 0xb, 0xff, 0xfe, 0xf, 0xff,
    0xcb, 0xff, 0xc2, 0xff, 0xff, 0x83, 0xff, 0xf0,
    0xff, 0xf4, 0x3f, 0xff, 0xd0, 0xff, 0xf4, 0x1f,
    0xfe, 0xb, 0xff, 0xe0, 0xbf, 0xf8, 0x2, 0xff,
    0xc0, 0x7f, 0xe0, 0x3f, 0xfc, 0x0, 0x2f, 0xfc,
    0x1, 0x40, 0x3f, 0xfc, 0x0, 0x2, 0xff, 0xd0,
    0x0, 0x7f, 0xf8, 0x0, 0x0, 0x1f, 0xff, 0x96,
    0xff, 0xf4, 0x0, 0x0, 0x0, 0x7f, 0xff, 0xff,
    0xe0, 0x0, 0x0, 0x0, 0x1, 0xbf, 0xfe, 0x40,
    0x0, 0x0,

    /* U+F070 "" */
    0xe, 0x0, 0x0, 0x0, 0x0, 0x0, 0x0, 0x0,
    0xf, 0xf0, 0x0, 0x0, 0x0, 0x0, 0x0, 0x0,
    0x3, 0xff, 0x0, 0x0, 0x0, 0x0, 0x0, 0x0,
    0x0, 0x2f, 0xf4, 0x0, 0x6f, 0xe9, 0x0, 0x0,
    0x0, 0x1, 0xff, 0x8b, 0xff, 0xff, 0xf8, 0x0,
    0x0, 0x0, 0xf, 0xff, 0xff, 0xab, 0xff, 0xe0,
    0x0, 0x0, 0x0, 0xbf, 0xfd, 0x0, 0xb, 0xff,
    0x0, 0x0, 0x0, 0xb, 0xfe, 0x0, 0x0, 0x7f,
    0xf4, 0x0, 0x0, 0x0, 0x7f, 0xe1, 0xf8, 0xb,
    0xff, 0x40, 0x0, 0x20, 0x3, 0xff, 0x7f, 0xc0,
    0xff, 0xf0, 0x0, 0x2f, 0x0, 0x2f, 0xff, 0xf8,
    0x2f, 0xff, 0x0, 0xf, 0xf4, 0x1, 0xff, 0xff,
    0x7, 0xff, 0xd0, 0x7, 0xff, 0x80, 0xf, 0xff,
    0xc1, 0xff, 0xf8, 0x1, 0xff, 0xf8, 0x0, 0xbf,
    0xf0, 0x7f, 0xfd, 0x0, 0x2f, 0xff, 0x0, 0x7,
    0xfe, 0x2f, 0xff, 0x0, 0x3, 0xff, 0xc0, 0x0,
    0x7f, 0xff, 0xff, 0x0, 0x0, 0x3f, 0xf8, 0x0,
    0x3, 0xff, 0xff, 0x40, 0x0, 0x7, 0xff, 0x80,
    0x0, 0x2f, 0xff, 0x40, 0x0, 0x0, 0x3f, 0xf8,
    0x0, 0x1, 0xff, 0xc0, 0x0, 0x0, 0x2, 0xff,
    0xe5, 0x40, 0xf, 0xfc, 0x0, 0x0, 0x0, 0xb,
    0xff, 0xfc, 0x0, 0xbf, 0xd0, 0x0, 0x0, 0x0,
    0x1b, 0xff, 0x80, 0x7, 0xfe, 0x0, 0x0, 0x0,
    0x0, 0x0, 0x0, 0x0, 0x3f, 0xf0, 0x0, 0x0,
    0x0, 0x0, 0x0, 0x0, 0x2, 0xfc, 0x0, 0x0,
    0x0, 0x0, 0x0, 0x0, 0x0, 0x2d, 0x0, 0x0,
    0x0, 0x0, 0x0, 0x0, 0x0, 0x0, 0x0,

    /* U+F071 "" */
    0x0, 0x0, 0x0, 0x1f, 0x40, 0x0, 0x0, 0x0,
    0x0, 0x0, 0x3, 0xfd, 0x0, 0x0, 0x0, 0x0,
    0x0, 0x0, 0xbf, 0xf0, 0x0, 0x0, 0x0, 0x0,
    0x0, 0x1f, 0xff, 0x40, 0x0, 0x0, 0x0, 0x0,
    0x3, 0xff, 0xfc, 0x0, 0x0, 0x0, 0x0, 0x0,
    0x7f, 0xff, 0xe0, 0x0, 0x0, 0x0, 0x0, 0xf,
    0xff, 0xff, 0x0, 0x0, 0x0, 0x0, 0x2, 0xff,
    0xff, 0xf8, 0x0, 0x0, 0x0, 0x0, 0x3f, 0xea,
    0xbf, 0xd0, 0x0, 0x0, 0x0, 0xb, 0xfc, 0x3,
    0xff, 0x0, 0x0, 0x0, 0x1, 0xff, 0xc0, 0x3f,
    0xf4, 0x0, 0x0, 0x0, 0x3f, 0xfc, 0x3, 0xff,
    0xc0, 0x0, 0x0, 0x7, 0xff, 0xc0, 0x3f, 0xfe,
    0x0, 0x0, 0x0, 0xff, 0xfc, 0x3, 0xff, 0xf0,
    0x0, 0x0, 0x2f, 0xff, 0xc0, 0x3f, 0xff, 0x80,
    0x0, 0x3, 0xff, 0xfd, 0x3, 0xff, 0xfd, 0x0,
    0x0, 0xff, 0xff, 0xfa, 0xff, 0xff, 0xf0, 0x0,
    0x1f, 0xff, 0xff, 0x5f, 0xff, 0xff, 0x40, 0x3,
    0xff, 0xff, 0xc0, 0x3f, 0xff, 0xfc, 0x0, 0xbf,
    0xff, 0xfc, 0x2, 0xff, 0xff, 0xe0, 0xf, 0xff,
    0xff, 0xc0, 0x3f, 0xff, 0xff, 0x2, 0xff, 0xff,
    0xff, 0xb, 0xff, 0xff, 0xfc, 0x3f, 0xff, 0xff,
    0xff, 0xff, 0xff, 0xff, 0xc3, 0xff, 0xff, 0xff,
    0xff, 0xff, 0xff, 0xfc, 0x1f, 0xff, 0xff, 0xff,
    0xff, 0xff, 0xff, 0x40, 0x0, 0x0, 0x0, 0x0,
    0x0, 0x0, 0x0,

    /* U+F074 "" */
    0x0, 0x0, 0x0, 0x0, 0x0, 0x0, 0x0, 0x0,
    0x0, 0x0, 0x0, 0xf0, 0x0, 0x0, 0x0, 0x0,
    0x0, 0x7f, 0x0, 0x0, 0x0, 0x0, 0x0, 0x1f,
    0xf0, 0xff, 0xf8, 0x0, 0x3, 0xff, 0xff, 0x3f,
    0xff, 0x80, 0x3, 0xff, 0xff, 0xff, 0xff, 0xf8,
    0x3, 0xff, 0xff, 0xff, 0xff, 0xff, 0x83, 0xff,
    0xff, 0xfc, 0x0, 0x2f, 0xc2, 0xff, 0x87, 0xfc,
    0x0, 0x2, 0xd2, 0xff, 0x80, 0xfc, 0x0, 0x0,
    0x2, 0xff, 0x80, 0x3c, 0x0, 0x0, 0x2, 0xff,
    0x80, 0x0, 0x0, 0x0, 0x2, 0xff, 0x80, 0x2,
    0x80, 0x0, 0x2, 0xff, 0x83, 0x40, 0xf8, 0x0,
    0x2, 0xff, 0xc3, 0xf4, 0x7f, 0x82, 0xaa, 0xff,
    0xc2, 0xff, 0xbf, 0xf8, 0xff, 0xff, 0xc0, 0x3f,
    0xff, 0xff, 0xbf, 0xff, 0xc0, 0x3, 0xff, 0xff,
    0xff, 0xff, 0xc0, 0x0, 0x3f, 0xff, 0xf4, 0x0,
    0x0, 0x0, 0x0, 0x1f, 0xf4, 0x0, 0x0, 0x0,
    0x0, 0x7, 0xf4, 0x0, 0x0, 0x0, 0x0, 0x0,
    0xf4, 0x0, 0x0, 0x0, 0x0, 0x0, 0x0, 0x0,

    /* U+F077 "" */
    0x0, 0x0, 0xa, 0x0, 0x0, 0x0, 0x0, 0x3,
    0xf8, 0x0, 0x0, 0x0, 0x0, 0xff, 0xe0, 0x0,
    0x0, 0x0, 0x3f, 0xff, 0x80, 0x0, 0x0, 0xf,
    0xff, 0xfe, 0x0, 0x0, 0x3, 0xff, 0xbf, 0xf8,
    0x0, 0x0, 0xff, 0xe0, 0xff, 0xe0, 0x0, 0x3f,
    0xf8, 0x3, 0xff, 0x80, 0xf, 0xfe, 0x0, 0xf,
    0xfe, 0x3, 0xff, 0x80, 0x0, 0x3f, 0xf8, 0xbf,
    0xe0, 0x0, 0x0, 0xff, 0xd7, 0xf8, 0x0, 0x0,
    0x3, 0xfd, 0x2e, 0x0, 0x0, 0x0, 0xf, 0x40,
    0x0, 0x0, 0x0, 0x0, 0x0,

    /* U+F078 "" */
    0x1d, 0x0, 0x0, 0x0, 0xb, 0x7, 0xf4, 0x0,
    0x0, 0x2, 0xfc, 0xbf, 0xd0, 0x0, 0x0, 0xbf,
    0xd3, 0xff, 0x40, 0x0, 0x2f, 0xfc, 0xf, 0xfd,
    0x0, 0xb, 0xff, 0x0, 0x3f, 0xf4, 0x2, 0xff,
    0xc0, 0x0, 0xff, 0xd0, 0xbf, 0xf0, 0x0, 0x3,
    0xff, 0x6f, 0xfc, 0x0, 0x0, 0xf, 0xff, 0xff,
    0x0, 0x0, 0x0, 0x3f, 0xff, 0xc0, 0x0, 0x0,
    0x0, 0xff, 0xf0, 0x0, 0x0, 0x0, 0x3, 0xfc,
    0x0, 0x0, 0x0, 0x0, 0xf, 0x0, 0x0, 0x0,
    0x0, 0x0, 0x0, 0x0, 0x0,

    /* U+F079 "" */
    0x0, 0x1d, 0x0, 0x0, 0x0, 0x0, 0x0, 0x0,
    0x0, 0xbf, 0x40, 0x0, 0x0, 0x0, 0x0, 0x0,
    0x2, 0xff, 0xd0, 0x3f, 0xff, 0xff, 0xf8, 0x0,
    0xb, 0xff, 0xf4, 0x3f, 0xff, 0xff, 0xfc, 0x0,
    0x2f, 0xff, 0xfd, 0x1f, 0xff, 0xff, 0xfc, 0x0,
    0xbf, 0xff, 0xff, 0x0, 0x0, 0x0, 0xfc, 0x0,
    0xbe, 0x3f, 0x3f, 0x40, 0x0, 0x0, 0xfc, 0x0,
    0x28, 0x3f, 0x9, 0x0, 0x0, 0x0, 0xfc, 0x0,
    0x0, 0x3f, 0x0, 0x0, 0x0, 0x0, 0xfc, 0x0,
    0x0, 0x3f, 0x0, 0x0, 0x0, 0x0, 0xfc, 0x0,
    0x0, 0x3f, 0x0, 0x0, 0x0, 0x0, 0xfc, 0x0,
    0x0, 0x3f, 0x0, 0x0, 0x0, 0xa0, 0xfc, 0x24,
    0x0, 0x3f, 0x0, 0x0, 0x2, 0xf9, 0xfc, 0xfd,
    0x0, 0x3f, 0x0, 0x0, 0x2, 0xff, 0xff, 0xfc,
    0x0, 0x3f, 0xff, 0xff, 0xf0, 0xbf, 0xff, 0xf4,
    0x0, 0x3f, 0xff, 0xff, 0xfc, 0x2f, 0xff, 0xd0,
    0x0, 0x3f, 0xff, 0xff, 0xfc, 0xb, 0xff, 0x40,
    0x0, 0x0, 0x0, 0x0, 0x0, 0x2, 0xfd, 0x0,
    0x0, 0x0, 0x0, 0x0, 0x0, 0x0, 0xb4, 0x0,

    /* U+F07B "" */
    0x2b, 0xff, 0xf4, 0x0, 0x0, 0x0, 0x2f, 0xff,
    0xff, 0x40, 0x0, 0x0, 0xf, 0xff, 0xff, 0xf4,
    0x0, 0x0, 0x3, 0xff, 0xff, 0xff, 0xaa, 0xaa,
    0xa4, 0xff, 0xff, 0xff, 0xff, 0xff, 0xff, 0xbf,
    0xff, 0xff, 0xff, 0xff, 0xff, 0xff, 0xff, 0xff,
    0xff, 0xff, 0xff, 0xff, 0xff, 0xff, 0xff, 0xff,
    0xff, 0xff, 0xff, 0xff, 0xff, 0xff, 0xff, 0xff,
    0xff, 0xff, 0xff, 0xff, 0xff, 0xff, 0xff, 0xff,
    0xff, 0xff, 0xff, 0xff, 0xff, 0xff, 0xff, 0xff,
    0xff, 0xff, 0xff, 0xff, 0xff, 0xff, 0xff, 0xff,
    0xff, 0xff, 0xff, 0xff, 0xff, 0xff, 0xff, 0xff,
    0xff, 0xff, 0xff, 0xff, 0xff, 0xff, 0xff, 0xff,
    0xff, 0xff, 0xff, 0xff, 0xff, 0xff, 0xff, 0xff,
    0xff, 0xff, 0xff, 0xff, 0xff, 0xff, 0xff, 0xff,
    0xf3, 0xff, 0xff, 0xff, 0xff, 0xff, 0xf0,

    /* U+F093 "" */
    0x0, 0x0, 0x1, 0x80, 0x0, 0x0, 0x0, 0x0,
    0x1, 0xfc, 0x0, 0x0, 0x0, 0x0, 0x1, 0xff,
    0xc0, 0x0, 0x0, 0x0, 0x1, 0xff, 0xfc, 0x0,
    0x0, 0x0, 0x1, 0xff, 0xff, 0xc0, 0x0, 0x0,
    0x1, 0xff, 0xff, 0xfc, 0x0, 0x0, 0x1, 0xff,
    0xff, 0xff, 0xc0, 0x0, 0x1, 0xff, 0xff, 0xff,
    0xfc, 0x0, 0x0, 0xff, 0xff, 0xff, 0xff, 0x80,
    0x0, 0x2a, 0xaf, 0xff, 0xea, 0x80, 0x0, 0x0,
    0x3, 0xff, 0xd0, 0x0, 0x0, 0x0, 0x0, 0xff,
    0xf4, 0x0, 0x0, 0x0, 0x0, 0x3f, 0xfd, 0x0,
    0x0, 0x0, 0x0, 0xf, 0xff, 0x40, 0x0, 0x0,
    0x0, 0x3, 0xff, 0xd0, 0x0, 0x0, 0x0, 0x0,
    0xff, 0xf4, 0x0, 0x0, 0x0, 0x0, 0x3f, 0xfd,
    0x0, 0x0, 0x1a, 0xaa, 0x4f, 0xff, 0x46, 0xaa,
    0x9f, 0xff, 0xf1, 0xff, 0xc3, 0xff, 0xff, 0xff,
    0xfe, 0x0, 0x2, 0xff, 0xff, 0xff, 0xff, 0xfa,
    0xab, 0xff, 0xff, 0xff, 0xff, 0xff, 0xff, 0xff,
    0xff, 0xff, 0xff, 0xff, 0xff, 0xfc, 0x34, 0xff,
    0xff, 0xff, 0xff, 0xff, 0x5e, 0x7f, 0xff, 0xff,
    0xff, 0xff, 0xff, 0xff, 0xc0, 0x0, 0x0, 0x0,
    0x0, 0x0, 0x0,

    /* U+F095 "" */
    0x0, 0x0, 0x0, 0x0, 0x0, 0x0, 0x0, 0x0,
    0x0, 0x0, 0x0, 0x39, 0x0, 0x0, 0x0, 0x0,
    0x0, 0xb, 0xff, 0xd0, 0x0, 0x0, 0x0, 0x0,
    0xff, 0xff, 0x0, 0x0, 0x0, 0x0, 0x1f, 0xff,
    0xf0, 0x0, 0x0, 0x0, 0x3, 0xff, 0xff, 0x0,
    0x0, 0x0, 0x0, 0x7f, 0xff, 0xf0, 0x0, 0x0,
    0x0, 0xb, 0xff, 0xfe, 0x0, 0x0, 0x0, 0x0,
    0x7f, 0xff, 0xd0, 0x0, 0x0, 0x0, 0x1, 0xff,
    0xfc, 0x0, 0x0, 0x0, 0x0, 0x3, 0xff, 0xc0,
    0x0, 0x0, 0x0, 0x0, 0x2f, 0xf8, 0x0, 0x0,
    0x0, 0x0, 0x3, 0xff, 0x0, 0x0, 0x0, 0x0,
    0x0, 0xff, 0xe0, 0x0, 0x0, 0x0, 0x0, 0x2f,
    0xfc, 0x0, 0x0, 0x0, 0x0, 0x7, 0xff, 0x80,
    0x0, 0x2, 0x40, 0x1, 0xff, 0xf0, 0x0, 0x7,
    0xfc, 0x0, 0xbf, 0xfc, 0x0, 0xb, 0xff, 0xf0,
    0x2f, 0xff, 0x40, 0x3, 0xff, 0xff, 0xef, 0xff,
    0xd0, 0x0, 0x3f, 0xff, 0xff, 0xff, 0xf4, 0x0,
    0x2, 0xff, 0xff, 0xff, 0xfc, 0x0, 0x0, 0x1f,
    0xff, 0xff, 0xfe, 0x0, 0x0, 0x0, 0xff, 0xff,
    0xff, 0x0, 0x0, 0x0, 0xf, 0xff, 0xfe, 0x0,
    0x0, 0x0, 0x0, 0xbf, 0xf9, 0x0, 0x0, 0x0,
    0x0, 0x0, 0x0, 0x0, 0x0, 0x0, 0x0, 0x0,

    /* U+F0C4 "" */
    0x0, 0x0, 0x0, 0x0, 0x0, 0x0, 0x2f, 0xf4,
    0x0, 0x0, 0x54, 0x3, 0xff, 0xf4, 0x0, 0xb,
    0xfd, 0x2f, 0xff, 0xf0, 0x0, 0xff, 0xf8, 0xfd,
    0xf, 0xd0, 0xf, 0xff, 0x83, 0xf0, 0x3f, 0x40,
    0xff, 0xf8, 0xf, 0xe1, 0xfc, 0xf, 0xff, 0x80,
    0x1f, 0xff, 0xf4, 0xff, 0xf8, 0x0, 0x3f, 0xff,
    0xff, 0xff, 0x80, 0x0, 0x2f, 0xff, 0xff, 0xfc,
    0x0, 0x0, 0x1, 0xff, 0xff, 0xc0, 0x0, 0x0,
    0x1, 0xff, 0xfc, 0x0, 0x0, 0x0, 0xf, 0xff,
    0xf4, 0x0, 0x0, 0x1b, 0xff, 0xff, 0xf4, 0x0,
    0x2, 0xff, 0xff, 0xff, 0xf4, 0x0, 0x1f, 0xff,
    0xf8, 0xff, 0xf4, 0x0, 0xff, 0x6f, 0xc0, 0xff,
    0xf4, 0x3, 0xf0, 0x3f, 0x41, 0xff, 0xf4, 0xf,
    0xd0, 0xfd, 0x1, 0xff, 0xf4, 0x3f, 0xdb, 0xf0,
    0x1, 0xff, 0xf4, 0x7f, 0xff, 0x80, 0x1, 0xff,
    0xe0, 0x7f, 0xfc, 0x0, 0x1, 0xfe, 0x0, 0x2e,
    0x40, 0x0, 0x0, 0x0, 0x0,

    /* U+F0C5 "" */
    0x0, 0xb, 0xff, 0xfd, 0x24, 0x0, 0x0, 0xff,
    0xff, 0xd3, 0xd0, 0x0, 0xf, 0xff, 0xfd, 0x3f,
    0x40, 0x0, 0xff, 0xff, 0xd3, 0xfd, 0x15, 0xf,
    0xff, 0xfd, 0x2a, 0xaf, 0xf8, 0xff, 0xff, 0xe0,
    0x0, 0xff, 0x8f, 0xff, 0xff, 0xff, 0xff, 0xf8,
    0xff, 0xff, 0xff, 0xff, 0xff, 0x8f, 0xff, 0xff,
    0xff, 0xff, 0xf8, 0xff, 0xff, 0xff, 0xff, 0xff,
    0x8f, 0xff, 0xff, 0xff, 0xff, 0xf8, 0xff, 0xff,
    0xff, 0xff, 0xff, 0x8f, 0xff, 0xff, 0xff, 0xff,
    0xf8, 0xff, 0xff, 0xff, 0xff, 0xff, 0x8f, 0xff,
    0xff, 0xff, 0xff, 0xf8, 0xff, 0xff, 0xff, 0xff,
    0xff, 0x8f, 0xff, 0xff, 0xff, 0xff, 0xf8, 0xff,
    0xff, 0xff, 0xff, 0xff, 0x8f, 0xff, 0xff, 0xff,
    0xff, 0xf8, 0xff, 0xff, 0xff, 0xff, 0xff, 0xc0,
    0x0, 0x0, 0x0, 0xf, 0xff, 0x0, 0x0, 0x0,
    0x0, 0xff, 0xff, 0xff, 0xfd, 0x0, 0xf, 0xff,
    0xff, 0xff, 0xd0, 0x0, 0xff, 0xff, 0xff, 0xfd,
    0x0, 0x0, 0x0, 0x0, 0x0, 0x0, 0x0,

    /* U+F0C7 "" */
    0x0, 0x0, 0x0, 0x0, 0x0, 0x7, 0xff, 0xff,
    0xff, 0xfc, 0x0, 0xff, 0xff, 0xff, 0xff, 0xf0,
    0xf, 0xff, 0xff, 0xff, 0xff, 0xc0, 0xfc, 0x0,
    0x0, 0x1, 0xff, 0xf, 0xc0, 0x0, 0x0, 0x1f,
    0xfc, 0xfc, 0x0, 0x0, 0x1, 0xff, 0xef, 0xc0,
    0x0, 0x0, 0x1f, 0xff, 0xfc, 0x0, 0x0, 0x1,
    0xff, 0xff, 0xc0, 0x0, 0x0, 0x1f, 0xff, 0xff,
    0xff, 0xff, 0xff, 0xff, 0xff, 0xff, 0xff, 0xff,
    0xff, 0xff, 0xff, 0xff, 0xff, 0xff, 0xff, 0xff,
    0xff, 0xfe, 0x5b, 0xff, 0xff, 0xff, 0xff, 0x40,
    0x2f, 0xff, 0xff, 0xff, 0xf0, 0x0, 0xff, 0xff,
    0xff, 0xff, 0x0, 0xf, 0xff, 0xff, 0xff, 0xf0,
    0x0, 0xff, 0xff, 0xff, 0xff, 0x80, 0x2f, 0xff,
    0xff, 0xff, 0xff, 0x5f, 0xff, 0xff, 0xff, 0xff,
    0xff, 0xff, 0xff, 0xfb, 0xff, 0xff, 0xff, 0xff,
    0xfe, 0x2f, 0xff, 0xff, 0xff, 0xff, 0x80,

    /* U+F0C9 "" */
    0xff, 0xff, 0xff, 0xff, 0xff, 0xef, 0xff, 0xff,
    0xff, 0xff, 0xff, 0xff, 0xff, 0xff, 0xff, 0xff,
    0xf6, 0xaa, 0xaa, 0xaa, 0xaa, 0xa9, 0x0, 0x0,
    0x0, 0x0, 0x0, 0x0, 0x0, 0x0, 0x0, 0x0,
    0x0, 0x0, 0x0, 0x0, 0x0, 0x0, 0x0, 0x0,
    0x0, 0x0, 0x0, 0x0, 0xff, 0xff, 0xff, 0xff,
    0xff, 0xef, 0xff, 0xff, 0xff, 0xff, 0xff, 0xff,
    0xff, 0xff, 0xff, 0xff, 0xf5, 0x55, 0x55, 0x55,
    0x55, 0x55, 0x0, 0x0, 0x0, 0x0, 0x0, 0x0,
    0x0, 0x0, 0x0, 0x0, 0x0, 0x0, 0x0, 0x0,
    0x0, 0x0, 0x5, 0x55, 0x55, 0x55, 0x55, 0x55,
    0xff, 0xff, 0xff, 0xff, 0xff, 0xff, 0xff, 0xff,
    0xff, 0xff, 0xff, 0xff, 0xff, 0xff, 0xff, 0xff,
    0xe0, 0x0, 0x0, 0x0, 0x0, 0x0,

    /* U+F0E0 "" */
    0x1a, 0xaa, 0xaa, 0xaa, 0xaa, 0xa9, 0x2f, 0xff,
    0xff, 0xff, 0xff, 0xff, 0xef, 0xff, 0xff, 0xff,
    0xff, 0xff, 0xff, 0xff, 0xff, 0xff, 0xff, 0xff,
    0xff, 0xbf, 0xff, 0xff, 0xff, 0xff, 0xff, 0x87,
    0xff, 0xff, 0xff, 0xff, 0xff, 0x40, 0x3f, 0xff,
    0xff, 0xff, 0xff, 0x7, 0x82, 0xff, 0xff, 0xff,
    0xfe, 0xf, 0xfc, 0x1f, 0xff, 0xff, 0xfd, 0x1f,
    0xff, 0xd0, 0xff, 0xff, 0xfc, 0x2f, 0xff, 0xfe,
    0xb, 0xff, 0xf8, 0x3f, 0xff, 0xff, 0xf4, 0x7f,
    0xf4, 0x7f, 0xff, 0xff, 0xff, 0x82, 0xe0, 0xbf,
    0xff, 0xff, 0xff, 0xfd, 0x1, 0xff, 0xff, 0xff,
    0xff, 0xff, 0xfb, 0xff, 0xff, 0xff, 0xff, 0xff,
    0xff, 0xff, 0xff, 0xff, 0xff, 0xff, 0xff, 0xff,
    0xff, 0xff, 0xff, 0xff, 0xff, 0xff, 0xff, 0xff,
    0xf3, 0xff, 0xff, 0xff, 0xff, 0xff, 0xf0,

    /* U+F0E7 "" */
    0x3, 0xff, 0xfe, 0x0, 0x1, 0xff, 0xff, 0xc0,
    0x0, 0xbf, 0xff, 0xe0, 0x0, 0x3f, 0xff, 0xf0,
    0x0, 0xf, 0xff, 0xfc, 0x0, 0x3, 0xff, 0xfe,
    0x0, 0x0, 0xff, 0xff, 0x40, 0x0, 0x7f, 0xff,
    0xc0, 0x0, 0x1f, 0xff, 0xff, 0xff, 0x4b, 0xff,
    0xff, 0xff, 0xd2, 0xff, 0xff, 0xff, 0xf0, 0xff,
    0xff, 0xff, 0xf4, 0x3f, 0xff, 0xff, 0xfc, 0xf,
    0xff, 0xff, 0xfc, 0x0, 0x0, 0xf, 0xfe, 0x0,
    0x0, 0x7, 0xff, 0x0, 0x0, 0x2, 0xff, 0x40,
    0x0, 0x0, 0xff, 0xc0, 0x0, 0x0, 0x3f, 0xd0,
    0x0, 0x0, 0x1f, 0xf0, 0x0, 0x0, 0xb, 0xf0,
    0x0, 0x0, 0x3, 0xf8, 0x0, 0x0, 0x0, 0xfc,
    0x0, 0x0, 0x0, 0x3d, 0x0, 0x0, 0x0, 0xf,
    0x0, 0x0, 0x0, 0x0, 0x0, 0x0, 0x0,

    /* U+F0EA "" */
    0x0, 0xb, 0xd0, 0x0, 0x0, 0x1, 0x56, 0xff,
    0x95, 0x40, 0x0, 0xff, 0xfc, 0x7f, 0xfe, 0x0,
    0xf, 0xff, 0xc3, 0xff, 0xe0, 0x0, 0xff, 0xff,
    0xff, 0xfe, 0x0, 0xf, 0xff, 0xff, 0xff, 0xe0,
    0x0, 0xff, 0xfe, 0x40, 0x0, 0x0, 0xf, 0xff,
    0x80, 0x0, 0x0, 0x0, 0xff, 0xf4, 0xff, 0xfe,
    0x38, 0xf, 0xff, 0x4f, 0xff, 0xe3, 0xe0, 0xff,
    0xf4, 0xff, 0xfe, 0x3f, 0x8f, 0xff, 0x4f, 0xff,
    0xe3, 0xfe, 0xff, 0xf4, 0xff, 0xfe, 0x1a, 0xaf,
    0xff, 0x4f, 0xff, 0xf0, 0x0, 0xff, 0xf4, 0xff,
    0xff, 0xff, 0xff, 0xff, 0x4f, 0xff, 0xff, 0xff,
    0xff, 0xf4, 0xff, 0xff, 0xff, 0xff, 0xff, 0x4f,
    0xff, 0xff, 0xff, 0xff, 0xf4, 0xff, 0xff, 0xff,
    0xff, 0xff, 0x4f, 0xff, 0xff, 0xff, 0x15, 0x50,
    0xff, 0xff, 0xff, 0xf0, 0x0, 0xf, 0xff, 0xff,
    0xff, 0x0, 0x0, 0xff, 0xff, 0xff, 0xf0, 0x0,
    0xf, 0xff, 0xff, 0xff, 0x0, 0x0, 0xff, 0xff,
    0xff, 0xe0, 0x0, 0x0, 0x0, 0x0, 0x0,

    /* U+F0F3 "" */
    0x0, 0x0, 0xf, 0x0, 0x0, 0x0, 0x0, 0x2,
    0xf4, 0x0, 0x0, 0x0, 0x0, 0x2f, 0x80, 0x0,
    0x0, 0x0, 0x2f, 0xff, 0x80, 0x0, 0x0, 0x1f,
    0xff, 0xff, 0x0, 0x0, 0x7, 0xff, 0xff, 0xfc,
    0x0, 0x0, 0xff, 0xff, 0xff, 0xf0, 0x0, 0x1f,
    0xff, 0xff, 0xff, 0x0, 0x2, 0xff, 0xff, 0xff,
    0xf8, 0x0, 0x3f, 0xff, 0xff, 0xff, 0x80, 0x3,
    0xff, 0xff, 0xff, 0xfc, 0x0, 0x3f, 0xff, 0xff,
    0xff, 0xc0, 0x3, 0xff, 0xff, 0xff, 0xfc, 0x0,
    0x7f, 0xff, 0xff, 0xff, 0xc0, 0xb, 0xff, 0xff,
    0xff, 0xfd, 0x0, 0xff, 0xff, 0xff, 0xff, 0xf0,
    0x1f, 0xff, 0xff, 0xff, 0xff, 0x47, 0xff, 0xff,
    0xff, 0xff, 0xfd, 0xff, 0xff, 0xff, 0xff, 0xff,
    0xff, 0xff, 0xff, 0xff, 0xff, 0xfe, 0x15, 0x55,
    0x55, 0x55, 0x55, 0x40, 0x0, 0x0, 0x0, 0x0,
    0x0, 0x0, 0x0, 0xff, 0xf0, 0x0, 0x0, 0x0,
    0xb, 0xfe, 0x0, 0x0, 0x0, 0x0, 0x2f, 0x80,
    0x0, 0x0, 0x0, 0x0, 0x0, 0x0, 0x0,

    /* U+F11C "" */
    0x2f, 0xff, 0xff, 0xff, 0xff, 0xff, 0xfc, 0x3f,
    0xff, 0xff, 0xff, 0xff, 0xff, 0xff, 0xcf, 0xff,
    0xff, 0xff, 0xff, 0xff, 0xff, 0xf3, 0xf4, 0x3c,
    0x1e, 0xb, 0x43, 0xc1, 0xfc, 0xfc, 0xb, 0x3,
    0x81, 0xc0, 0xb0, 0x3f, 0x3f, 0x2, 0xc0, 0xe0,
    0x70, 0x2c, 0xf, 0xcf, 0xea, 0xfa, 0xbe, 0xbe,
    0xaf, 0xab, 0xf3, 0xff, 0xff, 0xff, 0xff, 0xff,
    0xff, 0xfc, 0xff, 0xe0, 0x74, 0x3c, 0xe, 0x7,
    0xff, 0x3f, 0xf4, 0x1c, 0xf, 0x3, 0x81, 0xff,
    0xcf, 0xfe, 0x7, 0x3, 0xc0, 0xe0, 0x7f, 0xf3,
    0xff, 0xff, 0xff, 0xff, 0xff, 0xff, 0xfc, 0xfe,
    0xaf, 0xaa, 0xaa, 0xaa, 0xfa, 0xbf, 0x3f, 0x2,
    0xc0, 0x0, 0x0, 0x2c, 0xf, 0xcf, 0xc0, 0xb0,
    0x0, 0x0, 0xb, 0x3, 0xf3, 0xf4, 0x3c, 0x0,
    0x0, 0x3, 0xc0, 0xfc, 0xff, 0xff, 0xff, 0xff,
    0xff, 0xff, 0xff, 0x3f, 0xff, 0xff, 0xff, 0xff,
    0xff, 0xff, 0xc3, 0xff, 0xff, 0xff, 0xff, 0xff,
    0xff, 0xc0,

    /* U+F124 "" */
    0x0, 0x0, 0x0, 0x0, 0x0, 0x0, 0x0, 0x0,
    0x0, 0x0, 0x0, 0x0, 0x2e, 0x0, 0x0, 0x0,
    0x0, 0x0, 0xb, 0xfe, 0x0, 0x0, 0x0, 0x0,
    0x6, 0xff, 0xfc, 0x0, 0x0, 0x0, 0x1, 0xff,
    0xff, 0xe0, 0x0, 0x0, 0x0, 0x7f, 0xff, 0xff,
    0x40, 0x0, 0x0, 0x2f, 0xff, 0xff, 0xfc, 0x0,
    0x0, 0xb, 0xff, 0xff, 0xff, 0xd0, 0x0, 0x2,
    0xff, 0xff, 0xff, 0xff, 0x0, 0x1, 0xff, 0xff,
    0xff, 0xff, 0xf4, 0x0, 0x7f, 0xff, 0xff, 0xff,
    0xff, 0xc0, 0xb, 0xff, 0xff, 0xff, 0xff, 0xfe,
    0x0, 0x3f, 0xff, 0xff, 0xff, 0xff, 0xf0, 0x0,
    0xff, 0xff, 0xff, 0xff, 0xff, 0x80, 0x1, 0xff,
    0xff, 0xff, 0xff, 0xfc, 0x0, 0x0, 0x0, 0x0,
    0x3f, 0xff, 0xe0, 0x0, 0x0, 0x0, 0x0, 0xff,
    0xff, 0x40, 0x0, 0x0, 0x0, 0x3, 0xff, 0xfc,
    0x0, 0x0, 0x0, 0x0, 0xf, 0xff, 0xd0, 0x0,
    0x0, 0x0, 0x0, 0x3f, 0xff, 0x0, 0x0, 0x0,
    0x0, 0x0, 0xff, 0xf4, 0x0, 0x0, 0x0, 0x0,
    0x3, 0xff, 0xc0, 0x0, 0x0, 0x0, 0x0, 0xf,
    0xfd, 0x0, 0x0, 0x0, 0x0, 0x0, 0x3f, 0xf0,
    0x0, 0x0, 0x0, 0x0, 0x0, 0xff, 0x80, 0x0,
    0x0, 0x0, 0x0, 0x1, 0xf8, 0x0, 0x0, 0x0,
    0x0, 0x0, 0x0, 0x0, 0x0, 0x0, 0x0,

    /* U+F15B "" */
    0xbf, 0xff, 0xfc, 0x70, 0x3, 0xff, 0xff, 0xf1,
    0xf0, 0xf, 0xff, 0xff, 0xc7, 0xf0, 0x3f, 0xff,
    0xff, 0x1f, 0xf0, 0xff, 0xff, 0xfc, 0x7f, 0xf3,
    0xff, 0xff, 0xf1, 0xff, 0xef, 0xff, 0xff, 0xc1,
    0x55, 0x7f, 0xff, 0xff, 0x40, 0x0, 0xff, 0xff,
    0xff, 0xff, 0xff, 0xff, 0xff, 0xff, 0xff, 0xff,
    0xff, 0xff, 0xff, 0xff, 0xff, 0xff, 0xff, 0xff,
    0xff, 0xff, 0xff, 0xff, 0xff, 0xff, 0xff, 0xff,
    0xff, 0xff, 0xff, 0xff, 0xff, 0xff, 0xff, 0xff,
    0xff, 0xff, 0xff, 0xff, 0xff, 0xff, 0xff, 0xff,
    0xff, 0xff, 0xff, 0xff, 0xff, 0xff, 0xff, 0xff,
    0xff, 0xff, 0xff, 0xff, 0xff, 0xff, 0xff, 0xff,
    0xff, 0xff, 0xff, 0xff, 0xff, 0xff, 0xff, 0xff,
    0xff, 0xff, 0xff, 0xff, 0xff, 0xff, 0xff, 0xff,
    0xff, 0xff, 0xff, 0xff, 0xff, 0xff, 0xf8, 0x0,
    0x0, 0x0, 0x0, 0x0,

    /* U+F1EB "" */
    0x0, 0x0, 0x0, 0x0, 0x0, 0x0, 0x0, 0x0,
    0x0, 0x0, 0x0, 0x56, 0x94, 0x0, 0x0, 0x0,
    0x0, 0x0, 0x6f, 0xff, 0xff, 0xf4, 0x0, 0x0,
    0x0, 0xb, 0xff, 0xff, 0xff, 0xff, 0x90, 0x0,
    0x0, 0xbf, 0xff, 0xff, 0xff, 0xff, 0xfc, 0x0,
    0x7, 0xff, 0xff, 0x95, 0x5b, 0xff, 0xff, 0x80,
    0x2f, 0xff, 0x90, 0x0, 0x0, 0x1b, 0xff, 0xe0,
    0xbf, 0xf8, 0x0, 0x0, 0x0, 0x0, 0xbf, 0xfc,
    0xbf, 0xd0, 0x0, 0x0, 0x0, 0x0, 0xf, 0xfc,
    0x3f, 0x0, 0x0, 0x6a, 0xa4, 0x0, 0x2, 0xf0,
    0x4, 0x0, 0x1f, 0xff, 0xff, 0xe0, 0x0, 0x40,
    0x0, 0x1, 0xff, 0xff, 0xff, 0xfd, 0x0, 0x0,
    0x0, 0xb, 0xff, 0xff, 0xff, 0xff, 0xc0, 0x0,
    0x0, 0x1f, 0xff, 0x94, 0x5b, 0xff, 0xe0, 0x0,
    0x0, 0xf, 0xf4, 0x0, 0x0, 0x7f, 0xc0, 0x0,
    0x0, 0x3, 0xc0, 0x0, 0x0, 0xb, 0x0, 0x0,
    0x0, 0x0, 0x0, 0x0, 0x0, 0x0, 0x0, 0x0,
    0x0, 0x0, 0x0, 0xb, 0x80, 0x0, 0x0, 0x0,
    0x0, 0x0, 0x0, 0x3f, 0xf0, 0x0, 0x0, 0x0,
    0x0, 0x0, 0x0, 0x7f, 0xf8, 0x0, 0x0, 0x0,
    0x0, 0x0, 0x0, 0x7f, 0xf8, 0x0, 0x0, 0x0,
    0x0, 0x0, 0x0, 0x3f, 0xf4, 0x0, 0x0, 0x0,
    0x0, 0x0, 0x0, 0x1f, 0xe0, 0x0, 0x0, 0x0,
    0x0, 0x0, 0x0, 0x1, 0x0, 0x0, 0x0, 0x0,

    /* U+F240 "" */
    0x0, 0x0, 0x0, 0x0, 0x0, 0x0, 0x0, 0x0,
    0x7f, 0xff, 0xff, 0xff, 0xff, 0xff, 0xff, 0xc0,
    0xff, 0xff, 0xff, 0xff, 0xff, 0xff, 0xff, 0xd0,
    0xff, 0xff, 0xff, 0xff, 0xff, 0xff, 0xff, 0xe0,
    0xfc, 0x0, 0x0, 0x0, 0x0, 0x0, 0x7, 0xfc,
    0xfc, 0x15, 0x55, 0x55, 0x55, 0x55, 0x47, 0xfc,
    0xfc, 0x7f, 0xff, 0xff, 0xff, 0xff, 0xc7, 0xfc,
    0xfc, 0x7f, 0xff, 0xff, 0xff, 0xff, 0xc0, 0xfc,
    0xfc, 0x7f, 0xff, 0xff, 0xff, 0xff, 0xc0, 0xfc,
    0xfc, 0x7f, 0xff, 0xff, 0xff, 0xff, 0xc0, 0xfc,
    0xfc, 0x7f, 0xff, 0xff, 0xff, 0xff, 0xc7, 0xfc,
    0xfc, 0x7f, 0xff, 0xff, 0xff, 0xff, 0xc7, 0xfc,
    0xfc, 0x0, 0x0, 0x0, 0x0, 0x0, 0x7, 0xfc,
    0xff, 0xff, 0xff, 0xff, 0xff, 0xff, 0xff, 0xe0,
    0xff, 0xff, 0xff, 0xff, 0xff, 0xff, 0xff, 0xe0,
    0x7f, 0xff, 0xff, 0xff, 0xff, 0xff, 0xff, 0xc0,
    0x0, 0x0, 0x0, 0x0, 0x0, 0x0, 0x0, 0x0,

    /* U+F241 "" */
    0x0, 0x0, 0x0, 0x0, 0x0, 0x0, 0x0, 0x0,
    0x7f, 0xff, 0xff, 0xff, 0xff, 0xff, 0xff, 0xc0,
    0xff, 0xff, 0xff, 0xff, 0xff, 0xff, 0xff, 0xd0,
    0xff, 0xff, 0xff, 0xff, 0xff, 0xff, 0xff, 0xe0,
    0xfc, 0x0, 0x0, 0x0, 0x0, 0x0, 0x7, 0xfc,
    0xfc, 0x15, 0x55, 0x55, 0x55, 0x0, 0x7, 0xfc,
    0xfc, 0x3f, 0xff, 0xff, 0xff, 0x80, 0x7, 0xfc,
    0xfc, 0x3f, 0xff, 0xff, 0xff, 0x80, 0x0, 0xfc,
    0xfc, 0x3f, 0xff, 0xff, 0xff, 0x80, 0x0, 0xfc,
    0xfc, 0x3f, 0xff, 0xff, 0xff, 0x80, 0x0, 0xfc,
    0xfc, 0x3f, 0xff, 0xff, 0xff, 0x80, 0x7, 0xfc,
    0xfc, 0x3f, 0xff, 0xff, 0xff, 0x80, 0x7, 0xfc,
    0xfc, 0x0, 0x0, 0x0, 0x0, 0x0, 0x7, 0xfc,
    0xff, 0xff, 0xff, 0xff, 0xff, 0xff, 0xff, 0xe0,
    0xff, 0xff, 0xff, 0xff, 0xff, 0xff, 0xff, 0xe0,
    0x7f, 0xff, 0xff, 0xff, 0xff, 0xff, 0xff, 0xc0,
    0x0, 0x0, 0x0, 0x0, 0x0, 0x0, 0x0, 0x0,

    /* U+F242 "" */
    0x0, 0x0, 0x0, 0x0, 0x0, 0x0, 0x0, 0x0,
    0x7f, 0xff, 0xff, 0xff, 0xff, 0xff, 0xff, 0xc0,
    0xff, 0xff, 0xff, 0xff, 0xff, 0xff, 0xff, 0xd0,
    0xff, 0xff, 0xff, 0xff, 0xff, 0xff, 0xff, 0xe0,
    0xfc, 0x0, 0x0, 0x0, 0x0, 0x0, 0x7, 0xfc,
    0xfc, 0x15, 0x55, 0x55, 0x0, 0x0, 0x7, 0xfc,
    0xfc, 0x3f, 0xff, 0xff, 0x0, 0x0, 0x7, 0xfc,
    0xfc, 0x3f, 0xff, 0xff, 0x0, 0x0, 0x0, 0xfc,
    0xfc, 0x3f, 0xff, 0xff, 0x0, 0x0, 0x0, 0xfc,
    0xfc, 0x3f, 0xff, 0xff, 0x0, 0x0, 0x0, 0xfc,
    0xfc, 0x3f, 0xff, 0xff, 0x0, 0x0, 0x7, 0xfc,
    0xfc, 0x3f, 0xff, 0xff, 0x0, 0x0, 0x7, 0xfc,
    0xfc, 0x0, 0x0, 0x0, 0x0, 0x0, 0x7, 0xfc,
    0xff, 0xff, 0xff, 0xff, 0xff, 0xff, 0xff, 0xe0,
    0xff, 0xff, 0xff, 0xff, 0xff, 0xff, 0xff, 0xe0,
    0x7f, 0xff, 0xff, 0xff, 0xff, 0xff, 0xff, 0xc0,
    0x0, 0x0, 0x0, 0x0, 0x0, 0x0, 0x0, 0x0,

    /* U+F243 "" */
    0x0, 0x0, 0x0, 0x0, 0x0, 0x0, 0x0, 0x0,
    0x7f, 0xff, 0xff, 0xff, 0xff, 0xff, 0xff, 0xc0,
    0xff, 0xff, 0xff, 0xff, 0xff, 0xff, 0xff, 0xd0,
    0xff, 0xff, 0xff, 0xff, 0xff, 0xff, 0xff, 0xe0,
    0xfc, 0x0, 0x0, 0x0, 0x0, 0x0, 0x7, 0xfc,
    0xfc, 0x15, 0x54, 0x0, 0x0, 0x0, 0x7, 0xfc,
    0xfc, 0x7f, 0xfc, 0x0, 0x0, 0x0, 0x7, 0xfc,
    0xfc, 0x7f, 0xfc, 0x0, 0x0, 0x0, 0x0, 0xfc,
    0xfc, 0x7f, 0xfc, 0x0, 0x0, 0x0, 0x0, 0xfc,
    0xfc, 0x7f, 0xfc, 0x0, 0x0, 0x0, 0x0, 0xfc,
    0xfc, 0x7f, 0xfc, 0x0, 0x0, 0x0, 0x7, 0xfc,
    0xfc, 0x7f, 0xfc, 0x0, 0x0, 0x0, 0x7, 0xfc,
    0xfc, 0x0, 0x0, 0x0, 0x0, 0x0, 0x7, 0xfc,
    0xff, 0xff, 0xff, 0xff, 0xff, 0xff, 0xff, 0xe0,
    0xff, 0xff, 0xff, 0xff, 0xff, 0xff, 0xff, 0xe0,
    0x7f, 0xff, 0xff, 0xff, 0xff, 0xff, 0xff, 0xc0,
    0x0, 0x0, 0x0, 0x0, 0x0, 0x0, 0x0, 0x0,

    /* U+F244 "" */
    0x0, 0x0, 0x0, 0x0, 0x0, 0x0, 0x0, 0x0,
    0x7f, 0xff, 0xff, 0xff, 0xff, 0xff, 0xff, 0xc0,
    0xff, 0xff, 0xff, 0xff, 0xff, 0xff, 0xff, 0xd0,
    0xff, 0xff, 0xff, 0xff, 0xff, 0xff, 0xff, 0xe0,
    0xfc, 0x0, 0x0, 0x0, 0x0, 0x0, 0x7, 0xfc,
    0xfc, 0x0, 0x0, 0x0, 0x0, 0x0, 0x7, 0xfc,
    0xfc, 0x0, 0x0, 0x0, 0x0, 0x0, 0x7, 0xfc,
    0xfc, 0x0, 0x0, 0x0, 0x0, 0x0, 0x0, 0xfc,
    0xfc, 0x0, 0x0, 0x0, 0x0, 0x0, 0x0, 0xfc,
    0xfc, 0x0, 0x0, 0x0, 0x0, 0x0, 0x0, 0xfc,
    0xfc, 0x0, 0x0, 0x0, 0x0, 0x0, 0x7, 0xfc,
    0xfc, 0x0, 0x0, 0x0, 0x0, 0x0, 0x7, 0xfc,
    0xfc, 0x0, 0x0, 0x0, 0x0, 0x0, 0x7, 0xfc,
    0xff, 0xff, 0xff, 0xff, 0xff, 0xff, 0xff, 0xe0,
    0xff, 0xff, 0xff, 0xff, 0xff, 0xff, 0xff, 0xe0,
    0x7f, 0xff, 0xff, 0xff, 0xff, 0xff, 0xff, 0xc0,
    0x0, 0x0, 0x0, 0x0, 0x0, 0x0, 0x0, 0x0,

    /* U+F287 "" */
    0x0, 0x0, 0x0, 0x0, 0x3e, 0x0, 0x0, 0x0,
    0x0, 0x0, 0x0, 0x0, 0xff, 0x80, 0x0, 0x0,
    0x0, 0x0, 0x0, 0x7f, 0xff, 0xc0, 0x0, 0x0,
    0x0, 0x0, 0x1, 0xfa, 0xff, 0x80, 0x0, 0x0,
    0x0, 0x0, 0x3, 0xc0, 0xbf, 0x0, 0x0, 0x0,
    0x0, 0x0, 0x7, 0x80, 0x0, 0x0, 0x0, 0x0,
    0xa, 0x40, 0xf, 0x0, 0x0, 0x0, 0x0, 0x0,
    0x3f, 0xf0, 0x1e, 0x0, 0x0, 0x0, 0xf, 0x0,
    0xbf, 0xf8, 0x3d, 0x0, 0x0, 0x0, 0xf, 0xe0,
    0xff, 0xff, 0xff, 0xff, 0xff, 0xff, 0xff, 0xfc,
    0xff, 0xfe, 0xaa, 0xfe, 0xaa, 0xaa, 0xaf, 0xf8,
    0xbf, 0xf4, 0x0, 0x3c, 0x0, 0x0, 0xf, 0x80,
    0x2f, 0xe0, 0x0, 0x2d, 0x0, 0x0, 0x9, 0x0,
    0x0, 0x0, 0x0, 0xf, 0x0, 0x0, 0x0, 0x0,
    0x0, 0x0, 0x0, 0xb, 0x43, 0xff, 0x40, 0x0,
    0x0, 0x0, 0x0, 0x3, 0xd7, 0xff, 0x40, 0x0,
    0x0, 0x0, 0x0, 0x0, 0xff, 0xff, 0x40, 0x0,
    0x0, 0x0, 0x0, 0x0, 0x17, 0xff, 0x40, 0x0,
    0x0, 0x0, 0x0, 0x0, 0x3, 0xff, 0x40, 0x0,
    0x0, 0x0, 0x0, 0x0, 0x0, 0x0, 0x0, 0x0,

    /* U+F293 "" */
    0x0, 0x6, 0xff, 0x90, 0x0, 0x0, 0x7f, 0xff,
    0xfd, 0x0, 0x2, 0xff, 0xdf, 0xff, 0x40, 0xb,
    0xff, 0xc7, 0xff, 0xc0, 0xf, 0xff, 0xc1, 0xff,
    0xe0, 0x2f, 0xff, 0xc0, 0xbf, 0xf0, 0x3f, 0xff,
    0xc0, 0x2f, 0xf4, 0x3f, 0xcf, 0xc3, 0xb, 0xf8,
    0x7f, 0x83, 0xc3, 0xc3, 0xfc, 0x7f, 0xd0, 0xc3,
    0xb, 0xfc, 0xbf, 0xf4, 0x0, 0x2f, 0xfc, 0xbf,
    0xfd, 0x0, 0x7f, 0xfc, 0xbf, 0xff, 0x41, 0xff,
    0xfc, 0xbf, 0xff, 0x0, 0xff, 0xfc, 0xbf, 0xfc,
    0x0, 0x3f, 0xfc, 0xbf, 0xf0, 0x41, 0xf, 0xfc,
    0x7f, 0xc1, 0xc3, 0x43, 0xfc, 0x7f, 0x47, 0xc3,
    0x83, 0xfc, 0x3f, 0xef, 0xc2, 0xf, 0xf8, 0x3f,
    0xff, 0xc0, 0x3f, 0xf4, 0x1f, 0xff, 0xc0, 0xff,
    0xf0, 0xf, 0xff, 0xc3, 0xff, 0xd0, 0x3, 0xff,
    0xdf, 0xff, 0xc0, 0x0, 0xbf, 0xff, 0xff, 0x0,
    0x0, 0x1b, 0xff, 0xe4, 0x0, 0x0, 0x0, 0x0,
    0x0, 0x0,

    /* U+F2ED "" */
    0x0, 0x1, 0xaa, 0xa4, 0x0, 0x0, 0x0, 0x7f,
    0xff, 0xc0, 0x0, 0xff, 0xff, 0xff, 0xff, 0xff,
    0xff, 0xff, 0xff, 0xff, 0xff, 0xff, 0xff, 0xff,
    0xff, 0xff, 0xff, 0xe0, 0x0, 0x0, 0x0, 0x0,
    0x0, 0x1f, 0xff, 0xff, 0xff, 0xff, 0x41, 0xff,
    0xff, 0xff, 0xff, 0xf4, 0x1f, 0xff, 0xff, 0xff,
    0xff, 0x41, 0xff, 0x7f, 0xaf, 0xdf, 0xf4, 0x1f,
    0xd3, 0xf1, 0xfc, 0xbf, 0x41, 0xfd, 0x3f, 0x1f,
    0xcb, 0xf4, 0x1f, 0xd3, 0xf1, 0xfc, 0xbf, 0x41,
    0xfd, 0x3f, 0x1f, 0xcb, 0xf4, 0x1f, 0xd3, 0xf1,
    0xfc, 0xbf, 0x41, 0xfd, 0x3f, 0x1f, 0xcb, 0xf4,
    0x1f, 0xd3, 0xf1, 0xfc, 0xbf, 0x41, 0xfd, 0x3f,
    0x1f, 0xcb, 0xf4, 0x1f, 0xd3, 0xf1, 0xfc, 0xbf,
    0x41, 0xfd, 0x3f, 0x1f, 0xcb, 0xf4, 0x1f, 0xd3,
    0xf1, 0xfc, 0xbf, 0x41, 0xfe, 0x3f, 0x5f, 0xcb,
    0xf4, 0x1f, 0xff, 0xff, 0xff, 0xff, 0x41, 0xff,
    0xff, 0xff, 0xff, 0xf0, 0xb, 0xff, 0xff, 0xff,
    0xfd, 0x0, 0x0, 0x0, 0x0, 0x0, 0x0,

    /* U+F304 "" */
    0x0, 0x0, 0x0, 0x0, 0x1, 0xe0, 0x0, 0x0,
    0x0, 0x0, 0x0, 0xbf, 0xc0, 0x0, 0x0, 0x0,
    0x0, 0x2f, 0xff, 0x0, 0x0, 0x0, 0x0, 0x7,
    0xff, 0xfc, 0x0, 0x0, 0x0, 0x0, 0x3f, 0xff,
    0xf0, 0x0, 0x0, 0x0, 0xb0, 0xff, 0xff, 0x0,
    0x0, 0x0, 0x2f, 0xc3, 0xff, 0xe0, 0x0, 0x0,
    0xb, 0xff, 0xf, 0xfc, 0x0, 0x0, 0x2, 0xff,
    0xfc, 0x3f, 0x0, 0x0, 0x0, 0xbf, 0xff, 0xf0,
    0x80, 0x0, 0x0, 0x2f, 0xff, 0xff, 0xc0, 0x0,
    0x0, 0xb, 0xff, 0xff, 0xfc, 0x0, 0x0, 0x2,
    0xff, 0xff, 0xff, 0x0, 0x0, 0x0, 0xbf, 0xff,
    0xff, 0xc0, 0x0, 0x0, 0x2f, 0xff, 0xff, 0xf0,
    0x0, 0x0, 0xb, 0xff, 0xff, 0xfc, 0x0, 0x0,
    0x2, 0xff, 0xff, 0xff, 0x0, 0x0, 0x0, 0xbf,
    0xff, 0xff, 0xc0, 0x0, 0x0, 0x1f, 0xff, 0xff,
    0xf0, 0x0, 0x0, 0x2, 0xff, 0xff, 0xfc, 0x0,
    0x0, 0x0, 0x2f, 0xff, 0xff, 0x0, 0x0, 0x0,
    0x2, 0xff, 0xff, 0xc0, 0x0, 0x0, 0x0, 0x3f,
    0xff, 0xf0, 0x0, 0x0, 0x0, 0x3, 0xff, 0xfc,
    0x0, 0x0, 0x0, 0x0, 0x3f, 0xfa, 0x0, 0x0,
    0x0, 0x0, 0x0, 0x0, 0x0, 0x0, 0x0, 0x0,
    0x0,

    /* U+F55A "" */
    0x0, 0x0, 0x6b, 0xff, 0xff, 0xff, 0xff, 0x90,
    0x0, 0x2, 0xff, 0xff, 0xff, 0xff, 0xff, 0xf8,
    0x0, 0xb, 0xff, 0xff, 0xff, 0xff, 0xff, 0xfc,
    0x0, 0x2f, 0xff, 0xff, 0xff, 0xff, 0xff, 0xfc,
    0x0, 0xbf, 0xff, 0xf9, 0xff, 0xe3, 0xff, 0xfd,
    0x2, 0xff, 0xff, 0xe0, 0x3f, 0x80, 0xff, 0xfd,
    0xb, 0xff, 0xff, 0xd0, 0xe, 0x0, 0xff, 0xfd,
    0x2f, 0xff, 0xff, 0xf4, 0x0, 0x3, 0xff, 0xfd,
    0xbf, 0xff, 0xff, 0xfd, 0x0, 0xf, 0xff, 0xfd,
    0xff, 0xff, 0xff, 0xff, 0x40, 0x3f, 0xff, 0xfd,
    0xbf, 0xff, 0xff, 0xfe, 0x0, 0xf, 0xff, 0xfd,
    0x3f, 0xff, 0xff, 0xf8, 0x0, 0x3, 0xff, 0xfd,
    0xf, 0xff, 0xff, 0xe0, 0xd, 0x0, 0xff, 0xfd,
    0x3, 0xff, 0xff, 0xd0, 0x3f, 0x40, 0xff, 0xfd,
    0x0, 0xbf, 0xff, 0xf4, 0xff, 0xd2, 0xff, 0xfd,
    0x0, 0x2f, 0xff, 0xff, 0xff, 0xff, 0xff, 0xfc,
    0x0, 0xb, 0xff, 0xff, 0xff, 0xff, 0xff, 0xfc,
    0x0, 0x2, 0xff, 0xff, 0xff, 0xff, 0xff, 0xf8,
    0x0, 0x0, 0xbf, 0xff, 0xff, 0xff, 0xff, 0xe0,

    /* U+F7C2 "" */
    0x0, 0xf, 0xff, 0xff, 0xd0, 0x0, 0xff, 0xff,
    0xff, 0xd0, 0xf, 0xff, 0xff, 0xff, 0xc0, 0xf8,
    0x38, 0x38, 0x7f, 0xf, 0xd0, 0xd0, 0xd0, 0xfc,
    0xff, 0x43, 0x43, 0x43, 0xff, 0xfd, 0xd, 0xd,
    0xf, 0xff, 0xf8, 0x38, 0x38, 0x7f, 0xff, 0xff,
    0xff, 0xff, 0xff, 0xff, 0xff, 0xff, 0xff, 0xff,
    0xff, 0xff, 0xff, 0xff, 0xff, 0xff, 0xff, 0xff,
    0xff, 0xff, 0xff, 0xff, 0xff, 0xff, 0xff, 0xff,
    0xff, 0xff, 0xff, 0xff, 0xff, 0xff, 0xff, 0xff,
    0xff, 0xff, 0xff, 0xff, 0xff, 0xff, 0xff, 0xff,
    0xff, 0xff, 0xff, 0xff, 0xff, 0xff, 0xff, 0xff,
    0xff, 0xff, 0xff, 0xff, 0xff, 0xff, 0xff, 0xff,
    0xff, 0xff, 0xff, 0xff, 0xff, 0xff, 0xff, 0xff,
    0xff, 0xff, 0xff, 0xff, 0xff, 0xef, 0xff, 0xff,
    0xff, 0xfd, 0x2f, 0xff, 0xff, 0xff, 0xe0, 0x0,
    0x0, 0x0, 0x0, 0x0,

    /* U+F8A2 "" */
    0x0, 0x0, 0x0, 0x0, 0x0, 0x0, 0x0, 0x0,
    0x0, 0x0, 0x0, 0x0, 0x1c, 0x0, 0x0, 0x0,
    0x0, 0x0, 0x7, 0xc0, 0x0, 0x0, 0x0, 0x0,
    0x1, 0xfc, 0x0, 0x1e, 0x0, 0x0, 0x0, 0x3f,
    0xc0, 0x7, 0xf0, 0x0, 0x0, 0x3, 0xfc, 0x2,
    0xff, 0x0, 0x0, 0x0, 0x3f, 0xc0, 0xbf, 0xf0,
    0x0, 0x0, 0x3, 0xfc, 0x2f, 0xff, 0xff, 0xff,
    0xff, 0xff, 0xcb, 0xff, 0xff, 0xff, 0xff, 0xff,
    0xfc, 0xff, 0xff, 0xff, 0xff, 0xff, 0xff, 0xc3,
    0xff, 0xff, 0xff, 0xff, 0xff, 0xfc, 0xf, 0xff,
    0x0, 0x0, 0x0, 0x0, 0x0, 0x3f, 0xf0, 0x0,
    0x0, 0x0, 0x0, 0x0, 0xff, 0x0, 0x0, 0x0,
    0x0, 0x0, 0x2, 0xf0, 0x0, 0x0, 0x0, 0x0,
    0x0, 0x4, 0x0, 0x0, 0x0, 0x0, 0x0
};


/*---------------------
 *  GLYPH DESCRIPTION
 *--------------------*/

static const lv_font_fmt_txt_glyph_dsc_t glyph_dsc[] = {
    {.bitmap_index = 0, .adv_w = 0, .box_w = 0, .box_h = 0, .ofs_x = 0, .ofs_y = 0} /* id = 0 reserved */,
    {.bitmap_index = 0, .adv_w = 103, .box_w = 0, .box_h = 0, .ofs_x = 0, .ofs_y = 0},
    {.bitmap_index = 0, .adv_w = 153, .box_w = 6, .box_h = 18, .ofs_x = 2, .ofs_y = 0},
    {.bitmap_index = 27, .adv_w = 170, .box_w = 11, .box_h = 8, .ofs_x = 0, .ofs_y = 11},
    {.bitmap_index = 49, .adv_w = 240, .box_w = 15, .box_h = 18, .ofs_x = 0, .ofs_y = 0},
    {.bitmap_index = 117, .adv_w = 241, .box_w = 14, .box_h = 24, .ofs_x = 1, .ofs_y = -4},
    {.bitmap_index = 201, .adv_w = 336, .box_w = 19, .box_h = 18, .ofs_x = 1, .ofs_y = 0},
    {.bitmap_index = 287, .adv_w = 256, .box_w = 16, .box_h = 18, .ofs_x = 0, .ofs_y = 0},
    {.bitmap_index = 359, .adv_w = 84, .box_w = 5, .box_h = 8, .ofs_x = 0, .ofs_y = 11},
    {.bitmap_index = 369, .adv_w = 170, .box_w = 10, .box_h = 24, .ofs_x = 1, .ofs_y = -5},
    {.bitmap_index = 429, .adv_w = 170, .box_w = 10, .box_h = 24, .ofs_x = 0, .ofs_y = -5},
    {.bitmap_index = 489, .adv_w = 194, .box_w = 12, .box_h = 11, .ofs_x = 0, .ofs_y = 8},
    {.bitmap_index = 522, .adv_w = 240, .box_w = 15, .box_h = 14, .ofs_x = 0, .ofs_y = 1},
    {.bitmap_index = 575, .adv_w = 140, .box_w = 8, .box_h = 9, .ofs_x = 0, .ofs_y = -3},
    {.bitmap_index = 593, .adv_w = 176, .box_w = 9, .box_h = 4, .ofs_x = 1, .ofs_y = 6},
    {.bitmap_index = 602, .adv_w = 140, .box_w = 7, .box_h = 6, .ofs_x = 1, .ofs_y = 0},
    {.bitmap_index = 613, .adv_w = 200, .box_w = 11, .box_h = 19, .ofs_x = 1, .ofs_y = -1},
    {.bitmap_index = 666, .adv_w = 241, .box_w = 15, .box_h = 18, .ofs_x = 0, .ofs_y = 0},
    {.bitmap_index = 734, .adv_w = 240, .box_w = 10, .box_h = 18, .ofs_x = 2, .ofs_y = 0},
    {.bitmap_index = 779, .adv_w = 240, .box_w = 13, .box_h = 18, .ofs_x = 1, .ofs_y = 0},
    {.bitmap_index = 838, .adv_w = 240, .box_w = 13, .box_h = 18, .ofs_x = 1, .ofs_y = 0},
    {.bitmap_index = 897, .adv_w = 240, .box_w = 15, .box_h = 18, .ofs_x = 0, .ofs_y = 0},
    {.bitmap_index = 965, .adv_w = 240, .box_w = 13, .box_h = 18, .ofs_x = 1, .ofs_y = 0},
    {.bitmap_index = 1024, .adv_w = 240, .box_w = 15, .box_h = 18, .ofs_x = 0, .ofs_y = 0},
    {.bitmap_index = 1092, .adv_w = 240, .box_w = 13, .box_h = 18, .ofs_x = 1, .ofs_y = 0},
    {.bitmap_index = 1151, .adv_w = 240, .box_w = 15, .box_h = 18, .ofs_x = 0, .ofs_y = 0},
    {.bitmap_index = 1219, .adv_w = 240, .box_w = 15, .box_h = 18, .ofs_x = 0, .ofs_y = 0},
    {.bitmap_index = 1287, .adv_w = 170, .box_w = 6, .box_h = 14, .ofs_x = 2, .ofs_y = 0},
    {.bitmap_index = 1308, .adv_w = 170, .box_w = 8, .box_h = 18, .ofs_x = 0, .ofs_y = -4},
    {.bitmap_index = 1344, .adv_w = 240, .box_w = 15, .box_h = 17, .ofs_x = 0, .ofs_y = -1},
    {.bitmap_index = 1408, .adv_w = 240, .box_w = 15, .box_h = 11, .ofs_x = 0, .ofs_y = 2},
    {.bitmap_index = 1450, .adv_w = 240, .box_w = 15, .box_h = 17, .ofs_x = 0, .ofs_y = -1},
    {.bitmap_index = 1514, .adv_w = 185, .box_w = 11, .box_h = 18, .ofs_x = 0, .ofs_y = 0},
    {.bitmap_index = 1564, .adv_w = 340, .box_w = 21, .box_h = 21, .ofs_x = 0, .ofs_y = -3},
    {.bitmap_index = 1675, .adv_w = 308, .box_w = 21, .box_h = 18, .ofs_x = -1, .ofs_y = 0},
    {.bitmap_index = 1770, .adv_w = 268, .box_w = 15, .box_h = 18, .ofs_x = 1, .ofs_y = 0},
    {.bitmap_index = 1838, .adv_w = 242, .box_w = 14, .box_h = 18, .ofs_x = 1, .ofs_y = 0},
    {.bitmap_index = 1901, .adv_w = 290, .box_w = 16, .box_h = 18, .ofs_x = 1, .ofs_y = 0},
    {.bitmap_index = 1973, .adv_w = 227, .box_w = 13, .box_h = 18, .ofs_x = 1, .ofs_y = 0},
    {.bitmap_index = 2032, .adv_w = 220, .box_w = 12, .box_h = 18, .ofs_x = 1, .ofs_y = 0},
    {.bitmap_index = 2086, .adv_w = 280, .box_w = 15, .box_h = 18, .ofs_x = 1, .ofs_y = 0},
    {.bitmap_index = 2154, .adv_w = 300, .box_w = 17, .box_h = 18, .ofs_x = 1, .ofs_y = 0},
    {.bitmap_index = 2231, .adv_w = 132, .box_w = 6, .box_h = 18, .ofs_x = 1, .ofs_y = 0},
    {.bitmap_index = 2258, .adv_w = 130, .box_w = 10, .box_h = 23, .ofs_x = -3, .ofs_y = -5},
    {.bitmap_index = 2316, .adv_w = 276, .box_w = 17, .box_h = 18, .ofs_x = 1, .ofs_y = 0},
    {.bitmap_index = 2393, .adv_w = 218, .box_w = 13, .box_h = 18, .ofs_x = 1, .ofs_y = 0},
    {.bitmap_index = 2452, .adv_w = 368, .box_w = 21, .box_h = 18, .ofs_x = 1, .ofs_y = 0},
    {.bitmap_index = 2547, .adv_w = 310, .box_w = 17, .box_h = 18, .ofs_x = 1, .ofs_y = 0},
    {.bitmap_index = 2624, .adv_w = 300, .box_w = 17, .box_h = 18, .ofs_x = 1, .ofs_y = 0},
    {.bitmap_index = 2701, .adv_w = 264, .box_w = 15, .box_h = 18, .ofs_x = 1, .ofs_y = 0},
    {.bitmap_index = 2769, .adv_w = 300, .box_w = 17, .box_h = 22, .ofs_x = 1, .ofs_y = -4},
    {.bitmap_index = 2863, .adv_w = 271, .box_w = 17, .box_h = 18, .ofs_x = 1, .ofs_y = 0},
    {.bitmap_index = 2940, .adv_w = 235, .box_w = 13, .box_h = 18, .ofs_x = 1, .ofs_y = 0},
    {.bitmap_index = 2999, .adv_w = 227, .box_w = 14, .box_h = 18, .ofs_x = 0, .ofs_y = 0},
    {.bitmap_index = 3062, .adv_w = 301, .box_w = 17, .box_h = 18, .ofs_x = 1, .ofs_y = 0},
    {.bitmap_index = 3139, .adv_w = 304, .box_w = 19, .box_h = 18, .ofs_x = 0, .ofs_y = 0},
    {.bitmap_index = 3225, .adv_w = 395, .box_w = 25, .box_h = 18, .ofs_x = 0, .ofs_y = 0},
    {.bitmap_index = 3338, .adv_w = 293, .box_w = 19, .box_h = 18, .ofs_x = 0, .ofs_y = 0},
    {.bitmap_index = 3424, .adv_w = 287, .box_w = 18, .box_h = 18, .ofs_x = 0, .ofs_y = 0},
    {.bitmap_index = 3505, .adv_w = 267, .box_w = 15, .box_h = 18, .ofs_x = 1, .ofs_y = 0},
    {.bitmap_index = 3573, .adv_w = 144, .box_w = 8, .box_h = 24, .ofs_x = 1, .ofs_y = -5},
    {.bitmap_index = 3621, .adv_w = 201, .box_w = 13, .box_h = 22, .ofs_x = 0, .ofs_y = -3},
    {.bitmap_index = 3693, .adv_w = 144, .box_w = 8, .box_h = 24, .ofs_x = 0, .ofs_y = -5},
    {.bitmap_index = 3741, .adv_w = 240, .box_w = 13, .box_h = 10, .ofs_x = 1, .ofs_y = 8},
    {.bitmap_index = 3774, .adv_w = 200, .box_w = 13, .box_h = 3, .ofs_x = 0, .ofs_y = -5},
    {.bitmap_index = 3784, .adv_w = 200, .box_w = 8, .box_h = 4, .ofs_x = 1, .ofs_y = 15},
    {.bitmap_index = 3792, .adv_w = 249, .box_w = 14, .box_h = 14, .ofs_x = 0, .ofs_y = 0},
    {.bitmap_index = 3841, .adv_w = 258, .box_w = 15, .box_h = 19, .ofs_x = 1, .ofs_y = 0},
    {.bitmap_index = 3913, .adv_w = 200, .box_w = 12, .box_h = 14, .ofs_x = 0, .ofs_y = 0},
    {.bitmap_index = 3955, .adv_w = 258, .box_w = 15, .box_h = 19, .ofs_x = 0, .ofs_y = 0},
    {.bitmap_index = 4027, .adv_w = 237, .box_w = 15, .box_h = 14, .ofs_x = 0, .ofs_y = 0},
    {.bitmap_index = 4080, .adv_w = 146, .box_w = 10, .box_h = 19, .ofs_x = 0, .ofs_y = 0},
    {.bitmap_index = 4128, .adv_w = 260, .box_w = 15, .box_h = 19, .ofs_x = 0, .ofs_y = -5},
    {.bitmap_index = 4200, .adv_w = 260, .box_w = 14, .box_h = 19, .ofs_x = 1, .ofs_y = 0},
    {.bitmap_index = 4267, .adv_w = 120, .box_w = 6, .box_h = 20, .ofs_x = 1, .ofs_y = 0},
    {.bitmap_index = 4297, .adv_w = 120, .box_w = 8, .box_h = 25, .ofs_x = -1, .ofs_y = -5},
    {.bitmap_index = 4347, .adv_w = 243, .box_w = 15, .box_h = 19, .ofs_x = 1, .ofs_y = 0},
    {.bitmap_index = 4419, .adv_w = 127, .box_w = 7, .box_h = 19, .ofs_x = 1, .ofs_y = 0},
    {.bitmap_index = 4453, .adv_w = 384, .box_w = 22, .box_h = 14, .ofs_x = 1, .ofs_y = 0},
    {.bitmap_index = 4530, .adv_w = 260, .box_w = 14, .box_h = 14, .ofs_x = 1, .ofs_y = 0},
    {.bitmap_index = 4579, .adv_w = 248, .box_w = 15, .box_h = 14, .ofs_x = 0, .ofs_y = 0},
    {.bitmap_index = 4632, .adv_w = 258, .box_w = 15, .box_h = 19, .ofs_x = 1, .ofs_y = -5},
    {.bitmap_index = 4704, .adv_w = 258, .box_w = 15, .box_h = 19, .ofs_x = 0, .ofs_y = -5},
    {.bitmap_index = 4776, .adv_w = 167, .box_w = 10, .box_h = 14, .ofs_x = 1, .ofs_y = 0},
    {.bitmap_index = 4811, .adv_w = 199, .box_w = 11, .box_h = 14, .ofs_x = 1, .ofs_y = 0},
    {.bitmap_index = 4850, .adv_w = 149, .box_w = 10, .box_h = 17, .ofs_x = 0, .ofs_y = 0},
    {.bitmap_index = 4893, .adv_w = 258, .box_w = 14, .box_h = 14, .ofs_x = 1, .ofs_y = 0},
    {.bitmap_index = 4942, .adv_w = 248, .box_w = 16, .box_h = 14, .ofs_x = 0, .ofs_y = 0},
    {.bitmap_index = 4998, .adv_w = 364, .box_w = 23, .box_h = 14, .ofs_x = 0, .ofs_y = 0},
    {.bitmap_index = 5079, .adv_w = 261, .box_w = 17, .box_h = 14, .ofs_x = 0, .ofs_y = 0},
    {.bitmap_index = 5139, .adv_w = 248, .box_w = 16, .box_h = 19, .ofs_x = 0, .ofs_y = -5},
    {.bitmap_index = 5215, .adv_w = 232, .box_w = 13, .box_h = 14, .ofs_x = 1, .ofs_y = 0},
    {.bitmap_index = 5261, .adv_w = 155, .box_w = 10, .box_h = 24, .ofs_x = 0, .ofs_y = -5},
    {.bitmap_index = 5321, .adv_w = 102, .box_w = 5, .box_h = 24, .ofs_x = 1, .ofs_y = -5},
    {.bitmap_index = 5351, .adv_w = 155, .box_w = 10, .box_h = 24, .ofs_x = 0, .ofs_y = -5},
    {.bitmap_index = 5411, .adv_w = 240, .box_w = 15, .box_h = 6, .ofs_x = 0, .ofs_y = 5},
    {.bitmap_index = 5434, .adv_w = 396, .box_w = 24, .box_h = 24, .ofs_x = 0, .ofs_y = -3},
    {.bitmap_index = 5578, .adv_w = 396, .box_w = 25, .box_h = 22, .ofs_x = 0, .ofs_y = -2},
    {.bitmap_index = 5716, .adv_w = 396, .box_w = 25, .box_h = 25, .ofs_x = 0, .ofs_y = -4},
    {.bitmap_index = 5873, .adv_w = 400, .box_w = 26, .box_h = 27, .ofs_x = -1, .ofs_y = -4},
    {.bitmap_index = 6049, .adv_w = 400, .box_w = 25, .box_h = 19, .ofs_x = 0, .ofs_y = 0},
    {.bitmap_index = 6168, .adv_w = 400, .box_w = 25, .box_h = 23, .ofs_x = 0, .ofs_y = -2},
    {.bitmap_index = 6312, .adv_w = 400, .box_w = 25, .box_h = 19, .ofs_x = 0, .ofs_y = 0},
    {.bitmap_index = 6431, .adv_w = 275, .box_w = 18, .box_h = 18, .ofs_x = 0, .ofs_y = 0},
    {.bitmap_index = 6512, .adv_w = 400, .box_w = 25, .box_h = 25, .ofs_x = 0, .ofs_y = -3},
    {.bitmap_index = 6669, .adv_w = 400, .box_w = 25, .box_h = 26, .ofs_x = 0, .ofs_y = -4},
    {.bitmap_index = 6832, .adv_w = 450, .box_w = 29, .box_h = 23, .ofs_x = 0, .ofs_y = -2},
    {.bitmap_index = 6999, .adv_w = 400, .box_w = 25, .box_h = 26, .ofs_x = 0, .ofs_y = -4},
    {.bitmap_index = 7162, .adv_w = 450, .box_w = 29, .box_h = 19, .ofs_x = 0, .ofs_y = 0},
    {.bitmap_index = 7300, .adv_w = 400, .box_w = 25, .box_h = 25, .ofs_x = 0, .ofs_y = -3},
    {.bitmap_index = 7457, .adv_w = 200, .box_w = 13, .box_h = 20, .ofs_x = 0, .ofs_y = -1},
    {.bitmap_index = 7522, .adv_w = 300, .box_w = 19, .box_h = 20, .ofs_x = 0, .ofs_y = -1},
    {.bitmap_index = 7617, .adv_w = 450, .box_w = 29, .box_h = 25, .ofs_x = 0, .ofs_y = -3},
    {.bitmap_index = 7799, .adv_w = 400, .box_w = 25, .box_h = 19, .ofs_x = 0, .ofs_y = 0},
    {.bitmap_index = 7918, .adv_w = 275, .box_w = 18, .box_h = 26, .ofs_x = 0, .ofs_y = -4},
    {.bitmap_index = 8035, .adv_w = 350, .box_w = 16, .box_h = 24, .ofs_x = 3, .ofs_y = -3},
    {.bitmap_index = 8131, .adv_w = 350, .box_w = 22, .box_h = 27, .ofs_x = 0, .ofs_y = -4},
    {.bitmap_index = 8280, .adv_w = 350, .box_w = 22, .box_h = 23, .ofs_x = 0, .ofs_y = -2},
    {.bitmap_index = 8407, .adv_w = 350, .box_w = 22, .box_h = 23, .ofs_x = 0, .ofs_y = -2},
    {.bitmap_index = 8534, .adv_w = 350, .box_w = 17, .box_h = 24, .ofs_x = 2, .ofs_y = -3},
    {.bitmap_index = 8636, .adv_w = 350, .box_w = 24, .box_h = 23, .ofs_x = -1, .ofs_y = -2},
    {.bitmap_index = 8774, .adv_w = 250, .box_w = 14, .box_h = 23, .ofs_x = 1, .ofs_y = -2},
    {.bitmap_index = 8855, .adv_w = 250, .box_w = 14, .box_h = 23, .ofs_x = 1, .ofs_y = -2},
    {.bitmap_index = 8936, .adv_w = 350, .box_w = 22, .box_h = 23, .ofs_x = 0, .ofs_y = -2},
    {.bitmap_index = 9063, .adv_w = 350, .box_w = 22, .box_h = 5, .ofs_x = 0, .ofs_y = 7},
    {.bitmap_index = 9091, .adv_w = 450, .box_w = 29, .box_h = 19, .ofs_x = 0, .ofs_y = 0},
    {.bitmap_index = 9229, .adv_w = 500, .box_w = 33, .box_h = 26, .ofs_x = -1, .ofs_y = -4},
    {.bitmap_index = 9444, .adv_w = 450, .box_w = 30, .box_h = 26, .ofs_x = -1, .ofs_y = -4},
    {.bitmap_index = 9639, .adv_w = 400, .box_w = 25, .box_h = 23, .ofs_x = 0, .ofs_y = -2},
    {.bitmap_index = 9783, .adv_w = 350, .box_w = 22, .box_h = 14, .ofs_x = 0, .ofs_y = 2},
    {.bitmap_index = 9860, .adv_w = 350, .box_w = 22, .box_h = 14, .ofs_x = 0, .ofs_y = 2},
    {.bitmap_index = 9937, .adv_w = 500, .box_w = 32, .box_h = 19, .ofs_x = 0, .ofs_y = 0},
    {.bitmap_index = 10089, .adv_w = 400, .box_w = 25, .box_h = 19, .ofs_x = 0, .ofs_y = 0},
    {.bitmap_index = 10208, .adv_w = 400, .box_w = 25, .box_h = 26, .ofs_x = 0, .ofs_y = -4},
    {.bitmap_index = 10371, .adv_w = 400, .box_w = 26, .box_h = 27, .ofs_x = -1, .ofs_y = -4},
    {.bitmap_index = 10547, .adv_w = 350, .box_w = 23, .box_h = 23, .ofs_x = 0, .ofs_y = -2},
    {.bitmap_index = 10680, .adv_w = 350, .box_w = 22, .box_h = 26, .ofs_x = 0, .ofs_y = -4},
    {.bitmap_index = 10823, .adv_w = 350, .box_w = 22, .box_h = 23, .ofs_x = 0, .ofs_y = -2},
    {.bitmap_index = 10950, .adv_w = 350, .box_w = 22, .box_h = 20, .ofs_x = 0, .ofs_y = -1},
    {.bitmap_index = 11060, .adv_w = 400, .box_w = 25, .box_h = 19, .ofs_x = 0, .ofs_y = 0},
    {.bitmap_index = 11179, .adv_w = 250, .box_w = 17, .box_h = 26, .ofs_x = -1, .ofs_y = -4},
    {.bitmap_index = 11290, .adv_w = 350, .box_w = 22, .box_h = 26, .ofs_x = 0, .ofs_y = -4},
    {.bitmap_index = 11433, .adv_w = 350, .box_w = 22, .box_h = 26, .ofs_x = 0, .ofs_y = -4},
    {.bitmap_index = 11576, .adv_w = 450, .box_w = 29, .box_h = 19, .ofs_x = 0, .ofs_y = 0},
    {.bitmap_index = 11714, .adv_w = 400, .box_w = 27, .box_h = 27, .ofs_x = -1, .ofs_y = -4},
    {.bitmap_index = 11897, .adv_w = 300, .box_w = 19, .box_h = 26, .ofs_x = 0, .ofs_y = -4},
    {.bitmap_index = 12021, .adv_w = 500, .box_w = 32, .box_h = 24, .ofs_x = 0, .ofs_y = -2},
    {.bitmap_index = 12213, .adv_w = 500, .box_w = 32, .box_h = 17, .ofs_x = 0, .ofs_y = 1},
    {.bitmap_index = 12349, .adv_w = 500, .box_w = 32, .box_h = 17, .ofs_x = 0, .ofs_y = 1},
    {.bitmap_index = 12485, .adv_w = 500, .box_w = 32, .box_h = 17, .ofs_x = 0, .ofs_y = 1},
    {.bitmap_index = 12621, .adv_w = 500, .box_w = 32, .box_h = 17, .ofs_x = 0, .ofs_y = 1},
    {.bitmap_index = 12757, .adv_w = 500, .box_w = 32, .box_h = 17, .ofs_x = 0, .ofs_y = 1},
    {.bitmap_index = 12893, .adv_w = 500, .box_w = 32, .box_h = 20, .ofs_x = 0, .ofs_y = -1},
    {.bitmap_index = 13053, .adv_w = 350, .box_w = 20, .box_h = 26, .ofs_x = 1, .ofs_y = -4},
    {.bitmap_index = 13183, .adv_w = 350, .box_w = 22, .box_h = 26, .ofs_x = 0, .ofs_y = -4},
    {.bitmap_index = 13326, .adv_w = 400, .box_w = 26, .box_h = 26, .ofs_x = -1, .ofs_y = -4},
    {.bitmap_index = 13495, .adv_w = 500, .box_w = 32, .box_h = 19, .ofs_x = 0, .ofs_y = 0},
    {.bitmap_index = 13647, .adv_w = 300, .box_w = 19, .box_h = 26, .ofs_x = 0, .ofs_y = -4},
    {.bitmap_index = 13771, .adv_w = 402, .box_w = 26, .box_h = 17, .ofs_x = 0, .ofs_y = 1}
};

/*---------------------
 *  CHARACTER MAPPING
 *--------------------*/

static const uint16_t unicode_list_1[] = {
    0x0, 0x7ae, 0x1880, 0xa147, 0xa14e, 0xa151, 0xa152, 0xa153,
    0xa157, 0xa159, 0xa15b, 0xa15f, 0xa162, 0xa167, 0xa16c, 0xa16d,
    0xa16e, 0xa184, 0xa189, 0xa18e, 0xa191, 0xa192, 0xa193, 0xa197,
    0xa198, 0xa199, 0xa19a, 0xa1ad, 0xa1ae, 0xa1b4, 0xa1b6, 0xa1b7,
    0xa1ba, 0xa1bd, 0xa1be, 0xa1bf, 0xa1c1, 0xa1d9, 0xa1db, 0xa20a,
    0xa20b, 0xa20d, 0xa20f, 0xa226, 0xa22d, 0xa230, 0xa239, 0xa262,
    0xa26a, 0xa2a1, 0xa331, 0xa386, 0xa387, 0xa388, 0xa389, 0xa38a,
    0xa3cd, 0xa3d9, 0xa433, 0xa44a, 0xa6a0, 0xa908, 0xa9e8
};

/*Collect the unicode lists and glyph_id offsets*/
static const lv_font_fmt_txt_cmap_t cmaps[] =
{
    {
        .range_start = 32, .range_length = 95, .glyph_id_start = 1,
        .unicode_list = NULL, .glyph_id_ofs_list = NULL, .list_length = 0, .type = LV_FONT_FMT_TXT_CMAP_FORMAT0_TINY
    },
    {
        .range_start = 20154, .range_length = 43497, .glyph_id_start = 96,
        .unicode_list = unicode_list_1, .glyph_id_ofs_list = NULL, .list_length = 63, .type = LV_FONT_FMT_TXT_CMAP_SPARSE_TINY
    }
};

/*-----------------
 *    KERNING
 *----------------*/


/*Pair left and right glyphs for kerning*/
static const uint8_t kern_pair_glyph_ids[] =
{
    3, 3,
    3, 8,
    3, 13,
    3, 15,
    8, 3,
    8, 8,
    8, 13,
    8, 15,
    9, 75,
    13, 3,
    13, 8,
    13, 18,
    13, 24,
    13, 26,
    15, 3,
    15, 8,
    15, 18,
    15, 24,
    15, 26,
    16, 16,
    18, 13,
    18, 15,
    18, 27,
    18, 28,
    24, 13,
    24, 15,
    24, 27,
    24, 28,
    27, 18,
    27, 24,
    28, 18,
    28, 24,
    34, 3,
    34, 8,
    34, 36,
    34, 40,
    34, 48,
    34, 50,
    34, 53,
    34, 55,
    34, 56,
    34, 58,
    34, 71,
    34, 77,
    34, 85,
    34, 87,
    34, 90,
    35, 53,
    35, 55,
    35, 57,
    35, 58,
    37, 13,
    37, 15,
    37, 34,
    37, 53,
    37, 55,
    37, 57,
    37, 58,
    37, 59,
    39, 13,
    39, 15,
    39, 34,
    39, 66,
    39, 73,
    39, 76,
    40, 55,
    40, 58,
    43, 43,
    44, 36,
    44, 40,
    44, 48,
    44, 50,
    44, 54,
    44, 58,
    44, 68,
    44, 69,
    44, 70,
    44, 72,
    44, 77,
    44, 80,
    44, 82,
    44, 85,
    44, 86,
    44, 87,
    44, 88,
    44, 90,
    45, 3,
    45, 8,
    45, 34,
    45, 36,
    45, 40,
    45, 48,
    45, 50,
    45, 53,
    45, 55,
    45, 56,
    45, 58,
    45, 87,
    45, 88,
    45, 90,
    48, 13,
    48, 15,
    48, 34,
    48, 53,
    48, 55,
    48, 57,
    48, 58,
    48, 59,
    49, 13,
    49, 15,
    49, 34,
    49, 57,
    49, 58,
    49, 59,
    49, 66,
    50, 13,
    50, 15,
    50, 34,
    50, 43,
    50, 53,
    50, 55,
    50, 57,
    50, 58,
    50, 59,
    51, 36,
    51, 40,
    51, 48,
    51, 50,
    51, 53,
    51, 54,
    51, 55,
    51, 56,
    51, 57,
    51, 58,
    51, 68,
    51, 69,
    51, 70,
    51, 72,
    51, 80,
    51, 82,
    51, 85,
    51, 87,
    51, 89,
    51, 90,
    52, 13,
    52, 15,
    52, 52,
    52, 53,
    52, 55,
    52, 56,
    52, 58,
    52, 85,
    52, 87,
    52, 88,
    52, 89,
    52, 90,
    53, 3,
    53, 8,
    53, 13,
    53, 15,
    53, 34,
    53, 36,
    53, 40,
    53, 48,
    53, 50,
    53, 52,
    53, 66,
    53, 68,
    53, 69,
    53, 70,
    53, 72,
    53, 74,
    53, 78,
    53, 79,
    53, 80,
    53, 82,
    53, 83,
    53, 84,
    53, 85,
    53, 86,
    53, 91,
    54, 89,
    55, 13,
    55, 15,
    55, 27,
    55, 28,
    55, 34,
    55, 36,
    55, 40,
    55, 48,
    55, 50,
    55, 52,
    55, 66,
    55, 68,
    55, 69,
    55, 70,
    55, 72,
    55, 73,
    55, 76,
    55, 80,
    55, 82,
    55, 84,
    55, 87,
    55, 90,
    56, 13,
    56, 15,
    56, 34,
    56, 66,
    56, 68,
    56, 69,
    56, 70,
    56, 72,
    56, 80,
    56, 82,
    56, 84,
    57, 36,
    57, 40,
    57, 48,
    57, 50,
    57, 54,
    57, 58,
    57, 68,
    57, 69,
    57, 70,
    57, 72,
    57, 77,
    57, 80,
    57, 82,
    57, 85,
    57, 86,
    57, 87,
    57, 88,
    57, 90,
    58, 3,
    58, 8,
    58, 13,
    58, 15,
    58, 27,
    58, 28,
    58, 34,
    58, 36,
    58, 40,
    58, 48,
    58, 50,
    58, 52,
    58, 66,
    58, 68,
    58, 69,
    58, 70,
    58, 71,
    58, 72,
    58, 73,
    58, 76,
    58, 78,
    58, 79,
    58, 80,
    58, 81,
    58, 82,
    58, 83,
    58, 84,
    58, 85,
    58, 86,
    58, 87,
    58, 89,
    58, 90,
    58, 91,
    59, 36,
    59, 40,
    59, 48,
    59, 50,
    60, 75,
    66, 53,
    66, 55,
    66, 58,
    66, 87,
    66, 88,
    66, 90,
    67, 13,
    67, 15,
    67, 53,
    67, 55,
    67, 56,
    67, 57,
    67, 58,
    67, 87,
    67, 89,
    67, 90,
    70, 13,
    70, 15,
    70, 53,
    70, 58,
    70, 75,
    71, 3,
    71, 8,
    71, 10,
    71, 11,
    71, 13,
    71, 15,
    71, 32,
    71, 53,
    71, 55,
    71, 56,
    71, 57,
    71, 58,
    71, 62,
    71, 66,
    71, 71,
    71, 73,
    71, 76,
    71, 85,
    71, 87,
    71, 90,
    71, 94,
    73, 87,
    73, 88,
    73, 90,
    74, 3,
    74, 8,
    74, 10,
    74, 32,
    74, 53,
    74, 62,
    74, 94,
    75, 53,
    76, 54,
    76, 56,
    76, 66,
    76, 68,
    76, 69,
    76, 70,
    76, 72,
    76, 77,
    76, 80,
    76, 82,
    76, 86,
    77, 71,
    77, 85,
    78, 87,
    78, 88,
    78, 90,
    79, 87,
    79, 88,
    79, 90,
    80, 13,
    80, 15,
    80, 53,
    80, 55,
    80, 56,
    80, 57,
    80, 58,
    80, 87,
    80, 89,
    80, 90,
    81, 13,
    81, 15,
    81, 53,
    81, 55,
    81, 56,
    81, 57,
    81, 58,
    81, 87,
    81, 89,
    81, 90,
    82, 75,
    83, 3,
    83, 8,
    83, 13,
    83, 15,
    83, 66,
    83, 71,
    83, 85,
    83, 87,
    83, 90,
    84, 53,
    84, 55,
    84, 56,
    84, 58,
    84, 89,
    85, 71,
    85, 85,
    86, 53,
    87, 13,
    87, 15,
    87, 66,
    87, 68,
    87, 69,
    87, 70,
    87, 80,
    87, 82,
    88, 13,
    88, 15,
    88, 66,
    89, 54,
    89, 56,
    89, 66,
    89, 68,
    89, 69,
    89, 70,
    89, 72,
    89, 77,
    89, 80,
    89, 82,
    89, 86,
    90, 13,
    90, 15,
    90, 66,
    90, 68,
    90, 69,
    90, 70,
    90, 80,
    90, 82,
    91, 53,
    92, 73,
    92, 75,
    92, 76
};

/* Kerning between the respective left and right glyphs
 * 4.4 format which needs to scaled with `kern_scale`*/
static const int8_t kern_pair_values[] =
{
    24, 8, -64, -64, 24, 8, -64, -64,
    24, -64, -64, -56, -32, -8, -64, -64,
    -56, -32, -8, -48, -24, -24, -32, -32,
    -64, -64, -24, -24, -24, -16, -24, -16,
    -40, -40, -4, -4, -4, -4, -32, -30,
    -4, -40, -8, -4, -8, -8, -8, -12,
    -8, -8, -16, -16, -16, -8, -14, -12,
    -12, -16, -8, -48, -48, -16, -16, 8,
    8, -12, -20, 16, -12, -12, -12, -12,
    -8, -16, -8, -8, -8, -8, -8, -8,
    -8, -8, -12, -24, -16, -24, -32, -32,
    8, -8, -8, -8, -8, -16, -24, -8,
    -40, -24, -16, -24, -16, -16, -8, -14,
    -12, -12, -16, -8, -64, -64, -24, -20,
    -8, -8, -24, -16, -16, -8, 16, -14,
    -12, -12, -16, -8, -4, -4, -4, -4,
    -16, -4, -14, -8, -2, -24, -8, -8,
    -8, -8, -8, -8, -8, -4, 8, -4,
    -8, -8, -8, -16, -16, -8, -16, -8,
    -8, -4, -8, -8, 24, 24, -54, -54,
    -32, -8, -8, -8, -8, -8, -32, -16,
    -16, -16, -16, -8, -16, -16, -16, -16,
    -16, -24, 8, -16, -16, -8, -56, -56,
    -24, -24, -32, -12, -12, -12, -12, -8,
    -32, -16, -16, -16, -16, 12, 12, -16,
    -16, -16, -12, -12, -24, -24, -14, -16,
    -8, -8, -8, -8, -8, -8, -8, -12,
    -12, -12, -12, -8, -16, -8, -8, -8,
    -8, -8, -8, -8, -8, -12, -24, -16,
    -24, 16, 16, -72, -72, -24, -24, -40,
    -16, -16, -16, -16, -8, -48, -24, -24,
    -24, -16, -24, 8, 8, -24, -24, -24,
    -16, -24, -24, -32, -8, -16, -16, -24,
    -16, -24, -8, -8, -8, -8, 32, -24,
    -16, -40, -8, -8, -8, -16, -16, -16,
    -24, -8, -8, -24, -4, -8, -4, -8,
    -8, -8, -16, 8, 32, 32, 16, 32,
    -16, -16, 16, 16, 16, 16, 16, 16,
    24, -4, 12, 4, 4, 12, 4, 4,
    32, -8, -4, -8, 24, 24, 24, 32,
    -8, 32, 32, -8, -8, -8, -8, -8,
    -8, -8, -4, -8, -8, -8, -8, -8,
    -4, -8, -4, -8, -8, -4, -8, -16,
    -16, -16, -24, -8, -8, -24, -4, -8,
    -4, -16, -16, -16, -24, -8, -8, -24,
    -4, -8, -4, 8, 24, 24, -40, -40,
    -14, 8, 8, 4, 4, -16, -16, -8,
    -24, -4, 8, 4, -16, -32, -32, -16,
    -4, -4, -4, -4, -4, -24, -24, -16,
    -8, -8, -8, -8, -8, -8, -4, -8,
    -8, -8, -8, -32, -32, -16, -4, -4,
    -4, -4, -4, -16, 24, 24, 24
};

/*Collect the kern pair's data in one place*/
static const lv_font_fmt_txt_kern_pair_t kern_pairs =
{
    .glyph_ids = kern_pair_glyph_ids,
    .values = kern_pair_values,
    .pair_cnt = 415,
    .glyph_ids_size = 0
};

/*--------------------
 *  ALL CUSTOM DATA
 *--------------------*/

#if LVGL_VERSION_MAJOR == 8
/*Store all the custom data of the font*/
static  lv_font_fmt_txt_glyph_cache_t cache;
#endif

#if LVGL_VERSION_MAJOR >= 8
static const lv_font_fmt_txt_dsc_t font_dsc = {
#else
static lv_font_fmt_txt_dsc_t font_dsc = {
#endif
    .glyph_bitmap = glyph_bitmap,
    .glyph_dsc = glyph_dsc,
    .cmaps = cmaps,
    .kern_dsc = &kern_pairs,
    .kern_scale = 16,
    .cmap_num = 2,
    .bpp = 2,
    .kern_classes = 0,
    .bitmap_format = 0,
#if LVGL_VERSION_MAJOR == 8
    .cache = &cache
#endif
};



/*-----------------
 *  PUBLIC FONT
 *----------------*/

/*Initialize a public general font descriptor*/
#if LVGL_VERSION_MAJOR >= 8
const lv_font_t lv_font_ali_25 = {
#else
lv_font_t lv_font_ali_25 = {
#endif
    .get_glyph_dsc = lv_font_get_glyph_dsc_fmt_txt,    /*Function pointer to get glyph's data*/
    .get_glyph_bitmap = lv_font_get_bitmap_fmt_txt,    /*Function pointer to get glyph's bitmap*/
    .line_height = 28,          /*The maximum line height required by the font*/
    .base_line = 5,             /*Baseline measured from the bottom of the line*/
#if !(LVGL_VERSION_MAJOR == 6 && LVGL_VERSION_MINOR == 0)
    .subpx = LV_FONT_SUBPX_NONE,
#endif
#if LV_VERSION_CHECK(7, 4, 0) || LVGL_VERSION_MAJOR >= 8
    .underline_position = -2,
    .underline_thickness = 1,
#endif
    .dsc = &font_dsc,          /*The custom font data. Will be accessed by `get_glyph_bitmap/dsc` */
#if LV_VERSION_CHECK(8, 2, 0) || LVGL_VERSION_MAJOR >= 9
    .fallback = NULL,
#endif
    .user_data = NULL,
};



#endif /*#if LV_FONT_ALI_25*/

